
INSERT INTO `Groups` (`id`, `date_start`, `date_end`, `title`, `description`, `createdAt`, `updatedAt`) VALUES
(1, '2011-10-20 07:40:00', '2011-10-11 17:32:29', 'urna', 'nibh. Donec est mauris,', '2011-09-05 16:39:22', '2011-11-13 14:27:54'),
(2, '2012-03-18 07:16:42', '2012-08-12 07:21:33', 'per conubia nostra,', 'Suspendisse non leo. Vivamus nibh dolor, nonummy ac, feugiat non,', '2012-01-01 04:16:31', '2012-06-22 05:58:13'),
(3, '2011-12-27 10:03:37', '2012-08-05 06:52:55', 'at pede. Cras', 'Donec elementum, lorem ut aliquam iaculis,', '2011-12-09 20:52:11', '2012-02-18 13:24:43'),
(4, '2011-10-12 19:55:26', '2011-10-29 03:16:30', 'faucibus', 'faucibus lectus, a sollicitudin orci sem eget massa. Suspendisse eleifend.', '2012-01-24 21:31:03', '2012-04-03 08:31:31'),
(5, '2011-11-30 21:04:30', '2012-03-03 09:53:12', 'Aliquam fringilla', 'Vivamus nisi. Mauris nulla.', '2012-08-15 16:14:27', '2012-01-20 22:22:36'),
(6, '2011-11-24 15:52:42', '2012-01-30 12:23:42', 'mattis semper, dui', 'ipsum dolor', '2012-06-26 16:01:17', '2011-11-15 12:40:31'),
(7, '2012-08-26 22:26:50', '2011-12-06 03:09:25', 'sit amet risus. Donec', 'eu arcu. Morbi', '2012-04-16 12:21:24', '2012-03-04 10:56:24'),
(8, '2012-01-12 04:31:49', '2012-02-08 01:38:25', 'vitae velit egestas lacinia.', 'feugiat. Lorem ipsum dolor sit amet, consectetuer adipiscing elit. Aliquam auctor, velit', '2011-09-24 19:50:50', '2011-11-22 07:44:11'),
(9, '2012-01-20 09:25:10', '2011-11-17 17:06:46', 'arcu. Sed et libero.', 'id magna', '2012-02-08 11:25:17', '2012-05-14 15:11:33'),
(10, '2012-06-23 07:53:43', '2011-11-09 01:07:44', 'nunc', 'vulputate, lacus. Cras interdum. Nunc sollicitudin commodo ipsum.', '2012-06-02 04:47:25', '2011-11-24 04:07:59'),
(11, '2012-05-15 03:27:04', '2012-04-06 09:25:20', 'ac turpis egestas.', 'magna a tortor. Nunc commodo auctor velit. Aliquam nisl. Nulla eu neque', '2011-09-15 13:30:17', '2011-11-01 09:11:49'),
(12, '2012-06-29 15:40:42', '2012-06-20 12:24:51', 'dictum eleifend,', 'imperdiet, erat', '2012-01-22 20:06:21', '2012-08-18 13:13:06'),
(13, '2012-07-23 03:59:39', '2012-05-29 23:52:19', 'et, lacinia', 'nisi sem semper', '2011-10-22 04:34:03', '2012-05-23 19:10:40'),
(14, '2012-01-23 11:21:37', '2012-04-29 22:13:51', 'lorem, luctus ut, pellentesque', 'Praesent eu dui. Cum sociis natoque penatibus et magnis dis parturient', '2012-04-22 20:23:41', '2012-05-22 22:59:58'),
(15, '2012-06-20 00:41:06', '2012-01-22 15:03:05', 'netus et', 'non, cursus non, egestas a, dui. Cras pellentesque. Sed dictum. Proin eget odio. Aliquam vulputate', '2012-05-06 14:40:23', '2011-09-24 16:30:01'),
(16, '2011-11-04 08:21:40', '2012-01-05 01:22:43', 'natoque penatibus et', 'malesuada. Integer', '2012-01-16 20:48:16', '2012-06-15 04:39:18'),
(17, '2012-01-26 08:09:21', '2011-12-30 09:27:17', 'faucibus orci luctus', 'Nulla facilisis.', '2012-02-01 11:36:04', '2011-12-24 00:54:07'),
(18, '2012-08-24 10:52:42', '2011-12-25 07:43:29', 'Phasellus elit pede, malesuada', 'Duis dignissim tempor arcu. Vestibulum ut eros non enim commodo hendrerit. Donec porttitor', '2011-11-19 01:29:05', '2011-11-15 08:01:37'),
(19, '2011-12-19 04:30:10', '2012-04-28 01:30:42', 'tincidunt orci', 'ante. Maecenas mi felis,', '2012-02-15 10:48:10', '2011-12-13 14:41:27'),
(20, '2012-08-06 12:54:51', '2012-07-31 08:52:30', 'Nullam', 'non, feugiat nec, diam. Duis mi enim, condimentum eget, volutpat ornare, facilisis', '2011-12-10 09:35:05', '2012-01-02 13:32:14'),
(21, '2011-09-06 14:50:23', '2011-09-20 08:55:30', 'accumsan neque et', 'Cras dictum ultricies ligula.', '2011-11-19 22:32:52', '2011-11-16 10:03:49'),
(22, '2012-07-12 22:04:04', '2011-10-23 17:25:29', 'luctus', 'ultrices sit amet,', '2012-02-04 08:03:35', '2011-09-04 02:50:22'),
(23, '2012-08-05 20:54:20', '2011-11-22 03:24:19', 'metus sit amet ante.', 'et, lacinia vitae, sodales at, velit. Pellentesque ultricies dignissim lacus.', '2012-02-08 08:27:18', '2011-10-16 14:20:39'),
(24, '2012-06-06 15:06:32', '2011-09-20 02:19:36', 'quis urna. Nunc quis', 'felis orci, adipiscing non, luctus sit amet, faucibus ut, nulla. Cras eu tellus eu', '2012-03-28 17:46:18', '2011-10-10 06:02:23'),
(25, '2012-06-10 18:16:23', '2012-06-29 12:47:19', 'massa rutrum magna. Cras', 'mattis velit justo nec ante.', '2012-01-07 13:12:14', '2012-06-20 22:41:20'),
(26, '2012-03-12 22:35:37', '2011-10-16 07:48:50', 'nibh. Donec est', 'ante. Vivamus non lorem vitae odio sagittis semper.', '2012-04-30 00:12:45', '2012-02-01 18:51:03'),
(27, '2011-12-26 23:21:43', '2012-04-21 15:34:17', 'diam. Proin dolor.', 'diam.', '2011-12-08 21:51:09', '2012-03-01 03:32:23'),
(28, '2012-04-21 06:37:12', '2011-12-14 14:26:56', 'mi', 'Cras vulputate', '2012-03-07 05:06:12', '2012-02-20 15:34:48'),
(29, '2012-07-18 11:42:46', '2012-04-15 01:23:35', 'adipiscing. Mauris molestie', 'volutpat nunc sit amet metus. Aliquam', '2012-05-11 11:27:04', '2012-06-07 21:50:40'),
(30, '2012-04-05 19:55:56', '2012-06-19 18:12:22', 'sagittis', 'posuere vulputate, lacus. Cras interdum. Nunc', '2011-12-04 16:27:42', '2012-06-22 15:51:14'),
(31, '2012-05-29 12:14:00', '2012-08-23 01:31:07', 'Aliquam auctor, velit', 'convallis, ante lectus convallis est,', '2011-09-26 14:27:35', '2012-08-05 00:41:40'),
(32, '2012-07-26 02:54:43', '2011-11-13 06:49:15', 'felis. Nulla tempor', 'iaculis quis, pede. Praesent eu dui. Cum sociis natoque penatibus et magnis dis parturient', '2012-01-14 21:32:56', '2011-09-02 13:55:30'),
(33, '2012-03-15 12:57:03', '2012-04-22 05:51:13', 'posuere', 'sed sem egestas blandit. Nam nulla magna, malesuada vel,', '2011-12-09 10:20:13', '2012-01-26 22:40:13'),
(34, '2012-04-21 14:52:08', '2012-02-05 19:46:40', 'odio semper', 'enim. Nunc ut erat. Sed nunc est, mollis non, cursus non, egestas a, dui. Cras', '2012-07-02 21:01:02', '2012-06-15 04:30:49'),
(35, '2012-07-13 20:55:21', '2012-08-20 01:20:25', 'scelerisque mollis. Phasellus libero', 'leo. Vivamus nibh dolor, nonummy ac, feugiat non, lobortis quis, pede. Suspendisse dui.', '2012-05-03 10:55:04', '2011-09-15 14:53:35'),
(36, '2012-05-30 11:23:11', '2011-12-06 10:26:52', 'mattis velit justo nec', 'nisi dictum augue malesuada malesuada. Integer id magna et ipsum cursus vestibulum.', '2012-06-01 12:30:12', '2012-03-16 10:45:37'),
(37, '2012-05-10 05:04:13', '2012-05-15 23:05:02', 'consequat', 'vitae semper egestas, urna justo faucibus lectus,', '2011-09-23 07:17:21', '2012-07-05 16:37:43'),
(38, '2012-08-09 11:29:07', '2012-07-11 23:32:31', 'fermentum risus, at', 'diam. Duis mi enim, condimentum eget,', '2012-07-11 02:58:42', '2011-11-14 20:25:15'),
(39, '2011-09-13 17:46:53', '2011-08-31 13:09:03', 'venenatis vel, faucibus id,', 'Fusce mi lorem, vehicula et, rutrum eu, ultrices sit amet, risus. Donec', '2012-03-26 13:38:18', '2012-07-15 14:00:20'),
(40, '2012-05-04 01:31:29', '2012-03-19 20:27:24', 'mus. Donec dignissim magna', 'risus. Nulla eget', '2011-08-27 06:13:44', '2011-10-19 15:15:13'),
(41, '2012-05-19 22:39:04', '2012-07-28 09:13:13', 'arcu. Vestibulum ante ipsum', 'Morbi non sapien molestie orci tincidunt adipiscing. Mauris molestie pharetra nibh. Aliquam ornare, libero', '2011-09-25 16:04:33', '2011-09-15 03:01:46'),
(42, '2012-01-12 09:59:13', '2011-09-05 23:33:51', 'enim mi tempor lorem,', 'Cras dolor dolor, tempus non, lacinia', '2012-01-10 07:07:22', '2012-02-03 03:15:16'),
(43, '2011-10-07 11:08:02', '2012-07-18 04:29:34', 'at, velit. Cras lorem', 'magna. Lorem ipsum dolor sit amet, consectetuer adipiscing elit.', '2012-08-13 15:34:25', '2012-06-08 16:26:09'),
(44, '2012-05-10 18:32:11', '2011-10-08 20:12:18', 'Vivamus', 'est. Mauris eu turpis. Nulla aliquet.', '2011-11-10 13:35:48', '2011-12-20 08:39:32'),
(45, '2012-05-29 05:46:07', '2011-11-27 04:06:56', 'Etiam ligula', 'ante. Vivamus non lorem vitae odio sagittis semper. Nam tempor diam dictum', '2011-12-08 22:03:40', '2011-09-13 10:59:49'),
(46, '2012-08-11 14:11:55', '2012-06-17 17:18:13', 'id, mollis nec,', 'Quisque varius. Nam porttitor scelerisque neque. Nullam', '2012-03-01 21:47:41', '2012-06-29 17:56:25'),
(47, '2012-06-20 01:09:42', '2011-12-04 08:25:20', 'neque. Sed eget lacus.', 'hendrerit consectetuer, cursus et, magna. Praesent interdum ligula eu enim. Etiam imperdiet dictum magna.', '2012-04-15 10:51:26', '2012-06-01 22:22:09'),
(48, '2012-07-15 19:06:47', '2012-05-08 17:23:26', 'a, scelerisque sed, sapien.', 'fringilla purus mauris a nunc. In at pede. Cras vulputate', '2011-11-14 10:25:58', '2012-08-07 01:20:46'),
(49, '2011-12-12 17:52:49', '2012-04-15 07:32:00', 'sociis natoque penatibus et', 'Vestibulum ut', '2012-04-19 07:52:55', '2012-05-23 14:10:36'),
(50, '2011-09-28 01:18:42', '2012-05-24 03:46:16', 'hendrerit neque.', 'ac libero nec ligula', '2011-12-10 21:55:46', '2012-06-23 15:05:23'),
(51, '2011-09-07 20:28:40', '2011-11-14 09:01:11', 'pellentesque, tellus sem', 'id enim.', '2012-01-27 08:45:00', '2012-01-28 15:24:53'),
(52, '2012-06-19 01:17:32', '2012-06-09 00:55:36', 'sed', 'aliquet, metus urna convallis erat,', '2012-08-05 20:12:17', '2011-08-27 02:42:29'),
(53, '2011-08-30 19:34:52', '2011-12-26 08:58:11', 'Aliquam', 'eleifend egestas. Sed pharetra, felis eget varius ultrices, mauris ipsum porta elit,', '2012-07-08 09:46:57', '2011-11-06 08:10:51'),
(54, '2012-08-13 14:30:51', '2012-05-29 18:07:39', 'dictum.', 'et arcu imperdiet ullamcorper.', '2011-09-04 12:19:09', '2012-02-04 09:15:07'),
(55, '2012-04-14 05:44:06', '2012-03-18 04:01:20', 'non, cursus', 'amet massa. Quisque porttitor eros nec tellus. Nunc lectus', '2012-05-27 14:02:46', '2012-05-24 13:42:25'),
(56, '2012-05-26 22:55:35', '2012-07-23 00:10:03', 'Fusce', 'nunc. Quisque', '2012-07-13 15:25:03', '2011-10-02 00:52:48'),
(57, '2011-12-17 07:40:34', '2012-07-16 05:27:56', 'Mauris non dui', 'mollis nec, cursus a, enim. Suspendisse aliquet, sem', '2011-09-17 14:41:31', '2012-06-26 05:56:00'),
(58, '2012-06-29 03:35:40', '2011-10-12 09:18:00', 'dignissim magna a', 'varius orci, in consequat enim diam vel arcu.', '2012-08-17 20:41:59', '2011-11-12 15:38:50'),
(59, '2012-06-13 02:32:53', '2011-11-16 11:17:55', 'tellus faucibus', 'urna convallis erat, eget tincidunt dui', '2011-12-18 17:38:29', '2012-03-10 18:47:26'),
(60, '2012-07-27 13:08:54', '2012-01-07 17:44:10', 'dis', 'nec, diam. Duis mi', '2012-06-24 10:25:42', '2011-11-20 21:10:53'),
(61, '2012-04-03 11:08:07', '2011-11-05 15:54:31', 'dolor sit amet,', 'feugiat. Lorem ipsum', '2011-12-16 17:21:54', '2012-03-17 02:50:53'),
(62, '2011-11-19 05:56:24', '2012-07-27 21:20:05', 'risus.', 'non magna. Nam ligula elit, pretium et, rutrum non, hendrerit id, ante. Nunc mauris sapien,', '2012-03-23 05:46:49', '2012-08-15 20:20:50'),
(63, '2011-12-16 12:05:57', '2011-12-06 14:24:19', 'lectus. Nullam', 'magna tellus faucibus leo, in lobortis tellus justo sit amet nulla. Donec non justo.', '2012-07-04 19:03:09', '2011-10-11 13:48:44'),
(64, '2012-04-27 12:25:11', '2011-12-27 23:45:09', 'accumsan interdum libero dui', 'nisi dictum augue malesuada malesuada. Integer id magna', '2011-09-14 19:10:32', '2012-01-04 09:16:08'),
(65, '2011-09-12 21:28:23', '2011-09-22 23:43:53', 'amet,', 'Quisque ornare tortor at risus. Nunc ac sem ut dolor dapibus', '2012-03-17 18:32:28', '2011-11-27 20:39:55'),
(66, '2012-06-10 08:59:53', '2012-03-08 23:09:01', 'Nunc mauris elit,', 'nulla at sem molestie sodales. Mauris', '2011-12-21 05:00:15', '2012-07-05 20:24:08'),
(67, '2011-12-24 21:40:20', '2012-07-14 02:10:03', 'velit in aliquet lobortis,', 'quam. Pellentesque habitant morbi tristique senectus et netus et malesuada fames ac', '2011-12-02 07:15:09', '2012-06-30 12:04:23'),
(68, '2012-04-04 07:21:49', '2012-05-09 04:55:10', 'magna. Cras', 'nibh. Quisque nonummy', '2012-02-04 14:24:17', '2011-08-28 20:07:39'),
(69, '2011-12-27 14:09:59', '2012-04-10 01:40:16', 'sit', 'Curabitur dictum.', '2012-05-19 07:53:37', '2011-12-16 13:38:52'),
(70, '2012-06-23 12:43:20', '2011-09-03 14:41:51', 'nisi a odio', 'dictum. Proin eget odio. Aliquam vulputate ullamcorper magna. Sed eu eros. Nam', '2011-12-28 04:20:20', '2012-05-13 21:48:33'),
(71, '2012-03-22 10:05:32', '2011-12-01 06:18:26', 'dis parturient montes,', 'In ornare sagittis felis. Donec tempor, est ac mattis semper, dui', '2011-09-30 09:29:44', '2011-09-03 17:08:06'),
(72, '2012-05-02 00:38:42', '2012-02-03 10:47:30', 'dolor egestas rhoncus.', 'convallis', '2012-08-17 11:11:47', '2012-04-02 21:16:32'),
(73, '2012-07-10 14:25:36', '2011-10-04 02:15:44', 'sed', 'dapibus gravida. Aliquam tincidunt, nunc ac mattis ornare, lectus ante dictum mi,', '2012-08-19 20:11:45', '2012-03-31 13:13:05'),
(74, '2011-11-02 22:54:17', '2012-04-23 12:35:33', 'est mauris, rhoncus id,', 'pretium neque.', '2012-05-20 23:24:36', '2012-06-07 14:49:20'),
(75, '2012-05-11 19:12:37', '2012-06-25 20:58:54', 'amet metus. Aliquam erat', 'ut, sem. Nulla interdum. Curabitur dictum. Phasellus in felis.', '2011-12-07 03:03:00', '2012-07-09 20:36:27'),
(76, '2012-02-27 13:12:09', '2012-04-21 20:15:42', 'turpis. In condimentum. Donec', 'in consectetuer ipsum nunc id', '2012-01-28 17:30:54', '2011-09-05 13:26:41'),
(77, '2011-12-08 04:00:56', '2012-04-27 14:02:55', 'urna.', 'sociis natoque', '2012-05-04 18:18:32', '2011-12-05 11:55:40'),
(78, '2012-08-24 22:56:15', '2011-11-16 02:26:09', 'nulla magna,', 'enim. Nunc ut erat. Sed nunc est, mollis non, cursus non, egestas', '2012-07-12 05:14:45', '2011-12-28 10:28:47'),
(79, '2012-08-26 00:32:44', '2012-01-23 22:03:02', 'sit amet, risus.', 'quis turpis vitae purus gravida sagittis. Duis gravida. Praesent', '2012-01-31 17:57:49', '2011-11-13 09:09:38'),
(80, '2012-08-09 05:06:44', '2012-08-05 08:46:50', 'at, iaculis quis,', 'ipsum', '2012-07-22 16:07:43', '2012-06-20 20:33:51'),
(81, '2012-08-10 03:09:48', '2012-02-18 19:06:39', 'Quisque imperdiet,', 'Duis mi enim, condimentum eget, volutpat ornare, facilisis eget, ipsum. Donec sollicitudin adipiscing ligula.', '2012-03-01 09:26:59', '2012-07-14 11:45:57'),
(82, '2011-12-14 01:20:46', '2011-12-28 06:05:55', 'consectetuer adipiscing elit. Curabitur', 'ipsum', '2012-08-19 16:35:55', '2011-09-28 15:02:55'),
(83, '2011-10-17 10:01:14', '2011-09-15 06:51:47', 'cursus in, hendrerit consectetuer,', 'feugiat. Sed nec metus facilisis lorem tristique aliquet. Phasellus fermentum convallis ligula. Donec luctus aliquet', '2011-10-15 00:01:35', '2012-08-17 08:01:23'),
(84, '2012-02-25 00:09:21', '2011-09-21 10:36:53', 'posuere at,', 'et magnis dis parturient montes, nascetur ridiculus mus. Proin vel arcu', '2011-12-17 23:05:16', '2012-04-23 21:56:28'),
(85, '2012-04-17 17:57:06', '2012-06-22 08:35:38', 'aliquet odio. Etiam', 'vehicula', '2011-10-28 05:48:18', '2011-08-29 02:47:22'),
(86, '2012-03-13 21:51:29', '2012-01-10 16:46:44', 'in sodales elit', 'aliquet, sem', '2012-02-08 16:40:04', '2011-09-28 15:13:53'),
(87, '2011-10-25 04:01:11', '2012-07-09 16:47:43', 'at arcu.', 'Nunc sed orci lobortis augue', '2011-10-25 00:50:30', '2012-04-08 01:06:10'),
(88, '2012-02-21 09:58:51', '2012-01-03 07:43:20', 'Aenean gravida', 'nunc', '2012-06-04 10:11:22', '2011-12-12 17:24:20'),
(89, '2012-07-15 01:25:51', '2011-11-19 10:09:43', 'ac,', 'ac', '2012-01-07 02:53:46', '2012-07-05 08:36:54'),
(90, '2012-08-21 16:58:39', '2011-11-25 09:16:24', 'metus. In nec orci.', 'sem. Pellentesque ut ipsum ac mi eleifend egestas. Sed pharetra, felis eget varius', '2011-12-09 07:58:54', '2012-07-25 03:11:33'),
(91, '2011-12-12 02:11:16', '2011-12-05 21:24:38', 'velit eu sem.', 'vitae, aliquet nec, imperdiet nec, leo. Morbi neque tellus,', '2011-12-30 12:02:02', '2012-01-24 12:27:27'),
(92, '2011-09-18 02:35:02', '2012-06-18 19:40:09', 'Pellentesque', 'Donec tempus, lorem fringilla ornare', '2012-05-30 03:06:00', '2012-07-09 14:30:41'),
(93, '2012-01-24 16:16:38', '2011-11-07 12:22:04', 'enim,', 'montes, nascetur ridiculus mus. Donec dignissim magna a tortor. Nunc commodo', '2011-10-26 06:26:20', '2012-05-21 11:16:31'),
(94, '2012-03-16 16:19:30', '2011-12-28 02:42:49', 'elit,', 'lectus, a sollicitudin orci sem eget massa. Suspendisse eleifend. Cras sed leo. Cras', '2011-12-21 16:43:13', '2011-10-04 17:16:09'),
(95, '2011-10-25 09:06:12', '2011-12-09 20:12:38', 'Nam tempor diam', 'neque et nunc. Quisque ornare tortor at', '2012-02-02 06:54:45', '2012-05-01 04:08:14'),
(96, '2012-08-14 09:14:30', '2012-04-26 17:53:29', 'tempor, est', 'magna. Nam ligula elit, pretium et, rutrum non, hendrerit id,', '2011-09-04 05:17:42', '2012-07-03 15:55:24'),
(97, '2012-06-20 11:21:57', '2012-08-14 22:39:25', 'et ultrices', 'Quisque varius. Nam porttitor scelerisque neque. Nullam nisl. Maecenas malesuada', '2011-11-27 01:13:36', '2012-06-21 09:06:18'),
(98, '2012-07-25 06:02:17', '2012-02-20 03:49:25', 'rutrum urna, nec luctus', 'est ac mattis semper,', '2011-11-23 20:56:51', '2012-07-17 03:19:17'),
(99, '2011-09-22 22:59:57', '2012-01-16 08:51:59', 'ornare, elit', 'dapibus ligula. Aliquam erat volutpat. Nulla dignissim. Maecenas', '2012-04-18 06:21:54', '2012-03-03 11:59:48'),
(100, '2012-05-12 18:19:19', '2011-12-23 13:23:33', 'venenatis', 'semper.', '2012-04-24 17:35:34', '2012-07-01 09:50:09'),
(101, '2012-02-08 10:49:49', '2012-02-05 18:42:25', 'blandit', 'vel turpis. Aliquam adipiscing lobortis risus. In mi pede, nonummy ut, molestie in,', '2011-09-26 03:06:57', '2012-06-10 02:56:47'),
(102, '2012-02-23 02:54:25', '2012-04-07 18:45:13', 'dis parturient montes,', 'Nam consequat dolor vitae dolor. Donec fringilla. Donec feugiat metus', '2012-04-02 16:57:27', '2011-11-28 08:54:05'),
(103, '2011-11-16 16:56:21', '2012-04-04 07:54:22', 'malesuada fames ac turpis', 'Phasellus', '2012-02-15 20:48:24', '2011-10-17 15:37:32'),
(104, '2012-02-22 01:44:01', '2012-02-17 02:00:06', 'aliquet lobortis, nisi', 'sit amet, consectetuer adipiscing elit. Aliquam auctor, velit eget laoreet posuere, enim nisl', '2011-11-24 07:14:44', '2012-08-14 18:17:19'),
(105, '2012-01-03 06:48:07', '2012-06-08 18:31:33', 'a purus.', 'ut, pellentesque eget, dictum placerat, augue.', '2011-12-13 02:03:21', '2011-10-30 15:14:31'),
(106, '2012-07-09 15:04:08', '2011-10-31 03:51:50', 'magna. Ut tincidunt orci', 'per conubia nostra, per inceptos hymenaeos. Mauris ut quam vel sapien imperdiet', '2011-12-15 21:32:04', '2011-12-15 06:21:23'),
(107, '2011-12-20 04:57:21', '2011-12-10 03:22:23', 'facilisi. Sed', 'mauris. Suspendisse aliquet molestie tellus. Aenean egestas hendrerit neque. In', '2012-06-23 20:42:22', '2012-02-22 00:08:27'),
(108, '2012-06-19 06:41:09', '2012-04-23 03:05:39', 'mus. Donec dignissim magna', 'enim non nisi. Aenean eget metus. In nec orci. Donec', '2011-11-10 01:11:20', '2011-12-04 07:06:10'),
(109, '2012-04-20 02:23:16', '2012-01-10 15:51:21', 'eleifend, nunc', 'feugiat. Lorem ipsum dolor sit', '2012-06-22 14:30:55', '2012-06-02 18:52:00'),
(110, '2012-06-07 01:18:04', '2012-01-26 16:55:48', 'ipsum.', 'sed sem', '2011-10-14 11:20:12', '2012-05-20 13:55:05'),
(111, '2011-12-19 08:29:24', '2012-03-15 22:59:01', 'nec, cursus a, enim.', 'ridiculus mus.', '2012-01-16 00:04:15', '2012-01-29 06:00:07'),
(112, '2012-07-26 09:04:01', '2012-02-14 17:34:16', 'sit amet luctus vulputate,', 'Morbi vehicula. Pellentesque tincidunt tempus risus. Donec egestas.', '2011-09-30 14:06:31', '2012-07-22 00:21:21'),
(113, '2012-04-03 08:16:55', '2011-10-07 02:16:12', 'lectus sit', 'non, feugiat nec, diam. Duis mi enim, condimentum', '2012-06-17 02:19:10', '2011-10-30 01:24:52'),
(114, '2012-02-01 12:07:23', '2011-09-23 09:24:28', 'hymenaeos. Mauris', 'et, euismod et, commodo at, libero. Morbi accumsan laoreet', '2011-12-16 15:42:49', '2011-12-08 20:40:11'),
(115, '2011-12-10 11:19:03', '2012-06-29 01:04:14', 'nec urna', 'lorem ipsum sodales purus, in molestie', '2011-09-07 06:35:47', '2012-08-17 00:17:56'),
(116, '2012-02-12 21:50:17', '2012-08-21 04:56:02', 'eget laoreet posuere, enim', 'nunc sed pede. Cum sociis natoque penatibus et magnis', '2012-08-06 13:49:07', '2012-06-02 01:27:57'),
(117, '2012-04-25 05:16:33', '2012-03-24 18:13:46', 'morbi tristique', 'vehicula et, rutrum eu, ultrices', '2011-12-14 03:07:44', '2011-11-15 19:12:41'),
(118, '2012-04-15 03:24:57', '2011-12-30 08:33:26', 'magna. Phasellus dolor', 'ac orci. Ut semper pretium neque.', '2012-07-29 15:10:46', '2012-08-02 14:33:16'),
(119, '2012-04-07 10:59:08', '2011-11-22 03:27:53', 'interdum. Sed auctor', 'semper egestas, urna justo', '2012-06-15 17:02:33', '2012-02-19 07:17:22'),
(120, '2012-01-02 04:31:56', '2012-06-12 08:18:09', 'auctor, nunc', 'quis urna. Nunc quis arcu vel quam dignissim pharetra. Nam ac', '2012-06-03 00:19:40', '2012-02-07 11:56:25'),
(121, '2012-04-18 07:34:33', '2012-02-05 22:42:42', 'In mi pede,', 'Suspendisse', '2012-03-29 04:55:41', '2012-03-14 19:56:34'),
(122, '2012-01-30 05:28:39', '2012-08-22 20:56:23', 'leo, in', 'dui.', '2011-09-13 00:59:04', '2012-04-13 09:31:57'),
(123, '2012-06-19 13:22:56', '2011-12-16 17:01:34', 'pellentesque a, facilisis non,', 'Donec at arcu. Vestibulum ante ipsum primis', '2012-05-23 23:55:45', '2012-01-28 18:06:41'),
(124, '2011-09-29 20:20:50', '2012-05-25 10:01:24', 'dolor. Fusce', 'tempor', '2012-05-01 01:29:52', '2011-10-17 14:55:47'),
(125, '2012-08-02 12:03:44', '2012-01-24 15:14:56', 'viverra. Maecenas iaculis aliquet', 'non magna. Nam ligula elit, pretium', '2012-05-21 04:54:31', '2011-10-10 13:20:46'),
(126, '2012-07-11 01:00:34', '2012-05-23 09:57:23', 'pretium neque. Morbi quis', 'rhoncus. Nullam velit dui, semper', '2012-06-01 04:00:55', '2012-05-09 23:59:14'),
(127, '2012-02-29 12:58:26', '2012-07-22 08:31:16', 'Cum', 'penatibus et magnis dis parturient montes, nascetur ridiculus mus. Proin vel nisl.', '2012-03-21 20:26:28', '2012-07-12 04:39:50'),
(128, '2012-02-02 04:24:26', '2011-12-10 05:23:15', 'sed, est.', 'nunc. Quisque ornare tortor', '2011-11-05 13:43:11', '2012-07-14 10:20:38'),
(129, '2011-09-17 05:36:29', '2012-08-13 14:02:22', 'torquent per conubia', 'Donec', '2012-08-16 21:51:05', '2012-01-16 14:08:55'),
(130, '2012-04-16 01:42:46', '2012-06-28 16:40:40', 'enim. Nunc ut erat.', 'Aliquam', '2012-06-02 19:32:32', '2012-03-14 23:31:38'),
(131, '2012-06-15 00:28:53', '2012-07-07 21:08:42', 'purus, in molestie', 'adipiscing fringilla, porttitor vulputate, posuere vulputate, lacus.', '2012-08-04 05:23:28', '2012-08-16 23:29:01'),
(132, '2012-05-08 20:11:04', '2011-10-30 02:14:06', 'vitae sodales', 'nibh. Aliquam ornare, libero at auctor ullamcorper, nisl arcu iaculis enim, sit', '2012-06-25 14:12:19', '2012-07-10 05:44:09'),
(133, '2012-06-05 09:36:23', '2012-04-29 12:17:25', 'amet ante. Vivamus non', 'tellus faucibus leo, in lobortis tellus justo sit amet nulla. Donec non justo.', '2012-04-28 09:36:53', '2012-07-13 16:03:58'),
(134, '2012-03-20 11:20:06', '2012-06-20 05:31:28', 'sem, vitae aliquam eros', 'amet, consectetuer adipiscing elit. Curabitur sed tortor. Integer aliquam adipiscing lacus. Ut nec urna et', '2011-12-18 10:25:33', '2011-09-19 08:50:52'),
(135, '2012-01-15 02:41:58', '2012-08-05 01:30:27', 'eu neque pellentesque', 'mi, ac mattis velit justo nec ante. Maecenas', '2012-07-28 17:19:44', '2012-05-12 22:04:00'),
(136, '2012-08-04 12:34:10', '2012-03-11 11:06:42', 'Nulla', 'congue. In scelerisque scelerisque dui. Suspendisse ac metus vitae velit egestas lacinia. Sed', '2012-08-20 16:47:58', '2012-06-07 22:36:07'),
(137, '2012-01-01 01:32:18', '2012-05-05 01:35:12', 'ipsum', 'mi tempor lorem, eget mollis lectus pede et risus. Quisque libero lacus, varius', '2012-05-29 08:01:19', '2012-02-05 18:59:53'),
(138, '2012-02-29 18:08:54', '2011-12-28 19:43:12', 'varius', 'enim. Etiam gravida molestie arcu. Sed eu nibh vulputate', '2011-12-15 20:21:01', '2012-01-31 01:57:01'),
(139, '2012-01-16 11:00:23', '2011-12-04 14:17:39', 'laoreet posuere,', 'ac mi eleifend egestas. Sed pharetra, felis eget', '2012-02-15 15:17:24', '2011-10-30 06:00:02'),
(140, '2012-08-21 19:00:40', '2011-09-19 06:02:53', 'Cras lorem', 'molestie orci', '2011-12-03 14:57:11', '2012-04-02 16:48:49'),
(141, '2012-05-29 23:56:06', '2012-04-14 05:51:52', 'imperdiet non,', 'eu, ligula. Aenean euismod mauris eu elit. Nulla facilisi. Sed neque. Sed eget lacus.', '2012-06-17 10:27:50', '2011-09-14 08:57:27'),
(142, '2011-11-28 17:24:23', '2011-10-27 22:46:13', 'aliquam', 'risus. Duis a mi', '2012-01-25 11:00:05', '2012-08-06 11:44:18'),
(143, '2011-09-19 01:39:57', '2012-01-17 00:12:19', 'Donec vitae erat', 'eu dui. Cum sociis natoque penatibus et magnis dis parturient montes,', '2011-12-09 06:09:33', '2011-10-10 18:16:28'),
(144, '2011-10-12 22:19:57', '2012-05-09 16:35:32', 'elit, pretium', 'et magnis dis parturient montes, nascetur', '2012-08-01 05:33:41', '2012-08-06 18:25:19'),
(145, '2012-03-06 19:06:41', '2011-09-29 10:30:51', 'posuere cubilia', 'tempor, est ac mattis semper, dui lectus', '2011-10-07 20:46:42', '2011-10-25 03:18:05'),
(146, '2012-04-11 17:18:22', '2012-05-08 09:51:44', 'elit.', 'sagittis', '2012-08-02 05:53:03', '2012-03-24 01:39:54'),
(147, '2012-07-15 09:27:25', '2012-05-09 22:59:24', 'felis. Donec tempor, est', 'tempor bibendum. Donec felis orci,', '2012-07-19 19:58:01', '2012-03-29 06:38:40'),
(148, '2012-07-03 13:03:55', '2012-08-06 19:49:44', 'quis massa. Mauris', 'dui. Cras pellentesque. Sed dictum. Proin eget odio. Aliquam vulputate ullamcorper', '2011-09-01 13:37:10', '2012-06-26 02:56:27'),
(149, '2012-02-07 20:47:22', '2011-10-04 21:17:39', 'pretium aliquet,', 'Nullam enim. Sed nulla ante,', '2011-09-18 05:04:38', '2012-02-15 17:44:18'),
(150, '2011-12-16 14:15:11', '2012-06-27 11:32:10', 'nibh vulputate', 'vestibulum nec, euismod in, dolor. Fusce', '2011-12-18 17:09:07', '2011-11-08 04:25:24'),
(151, '2012-08-08 01:19:49', '2012-06-15 21:02:22', 'malesuada fames', 'Proin dolor. Nulla semper tellus id nunc interdum feugiat. Sed', '2012-03-10 20:37:02', '2012-04-20 06:14:23'),
(152, '2012-03-24 16:53:52', '2012-06-15 04:47:07', 'sollicitudin a, malesuada', 'Vivamus non lorem vitae odio', '2012-04-29 14:31:13', '2012-04-23 18:53:32'),
(153, '2012-06-05 16:09:31', '2012-08-10 08:16:07', 'ultrices.', 'erat. Vivamus nisi. Mauris nulla. Integer urna. Vivamus molestie dapibus', '2012-03-07 22:54:47', '2011-11-02 03:23:29'),
(154, '2012-05-13 02:55:24', '2012-06-20 18:22:39', 'pede. Praesent eu', 'tempus, lorem fringilla ornare placerat, orci lacus vestibulum lorem, sit amet ultricies sem', '2011-09-14 09:21:42', '2012-04-30 08:01:20'),
(155, '2012-03-31 17:21:25', '2012-04-12 22:45:28', 'aliquet', 'eros. Proin', '2011-12-02 19:10:41', '2012-03-31 09:28:57'),
(156, '2012-05-30 10:20:52', '2012-04-10 20:37:35', 'aliquam iaculis, lacus', 'aliquam adipiscing lacus. Ut nec urna et arcu imperdiet ullamcorper. Duis at lacus. Quisque purus', '2012-04-13 22:23:29', '2011-11-25 04:50:26'),
(157, '2011-08-29 04:45:11', '2012-07-24 11:51:28', 'lectus justo', 'in consectetuer ipsum nunc id enim. Curabitur massa. Vestibulum', '2012-03-12 03:17:38', '2012-01-26 12:22:01'),
(158, '2012-05-21 19:50:16', '2011-09-11 05:50:43', 'risus a ultricies adipiscing,', 'sit amet risus. Donec egestas. Aliquam nec enim. Nunc ut erat. Sed nunc est,', '2012-04-21 01:47:56', '2012-03-25 11:14:07'),
(159, '2011-09-19 09:04:00', '2011-12-20 19:50:25', 'ridiculus mus. Proin vel', 'magna. Praesent interdum ligula eu enim. Etiam imperdiet dictum magna. Ut tincidunt orci', '2011-12-27 06:07:57', '2012-04-26 09:42:52'),
(160, '2011-11-14 23:15:12', '2012-08-26 08:17:16', 'enim. Suspendisse aliquet,', 'Etiam laoreet, libero et tristique pellentesque, tellus sem mollis dui, in', '2012-07-15 18:16:27', '2012-08-21 01:09:29'),
(161, '2012-01-18 11:40:06', '2011-11-11 11:00:11', 'libero nec ligula consectetuer', 'nascetur ridiculus mus.', '2012-01-04 14:10:51', '2012-02-14 15:03:52'),
(162, '2011-10-09 11:08:36', '2012-06-30 08:16:45', 'vestibulum massa rutrum magna.', 'pellentesque. Sed dictum.', '2012-04-04 14:59:36', '2011-10-15 04:31:55'),
(163, '2011-09-25 12:26:06', '2012-04-08 23:31:20', 'Quisque', 'elit. Etiam laoreet, libero et tristique pellentesque, tellus sem mollis dui, in sodales elit erat', '2012-08-04 19:07:05', '2012-07-31 11:24:57'),
(164, '2012-05-08 16:42:42', '2011-12-02 03:57:03', 'eu,', 'dictum magna. Ut tincidunt orci quis lectus. Nullam suscipit, est ac facilisis', '2012-08-23 09:48:52', '2011-12-20 23:08:41'),
(165, '2011-11-23 12:42:11', '2012-03-26 22:54:27', 'lacinia vitae,', 'Aliquam ultrices iaculis odio. Nam interdum enim non', '2011-11-27 13:11:06', '2011-09-27 04:53:29'),
(166, '2012-05-29 21:53:18', '2012-03-06 17:27:57', 'tincidunt,', 'at augue id', '2012-07-13 20:21:08', '2011-11-07 09:37:27'),
(167, '2011-12-25 08:23:23', '2012-07-08 17:29:23', 'elementum at, egestas a,', 'convallis est, vitae sodales nisi magna sed dui. Fusce aliquam, enim nec', '2012-02-12 22:39:22', '2012-03-02 23:40:45'),
(168, '2011-09-09 16:08:41', '2012-01-22 08:29:57', 'ornare', 'Etiam vestibulum massa rutrum', '2012-02-05 21:16:27', '2011-10-04 01:32:36'),
(169, '2011-10-03 02:40:18', '2012-02-10 08:31:41', 'elit, pellentesque a, facilisis', 'eu lacus. Quisque imperdiet, erat nonummy ultricies ornare, elit', '2012-05-01 20:37:41', '2011-09-10 03:21:19'),
(170, '2012-03-24 09:02:28', '2012-01-18 02:49:42', 'Donec vitae', 'Donec consectetuer mauris id sapien. Cras dolor dolor, tempus non, lacinia at, iaculis quis,', '2011-10-31 23:54:07', '2011-12-19 15:40:31'),
(171, '2012-02-02 11:03:58', '2011-08-28 23:15:58', 'commodo', 'id ante dictum cursus. Nunc mauris elit,', '2012-08-26 19:32:51', '2011-09-30 10:54:50'),
(172, '2012-02-23 05:33:05', '2011-12-19 22:45:20', 'orci luctus et ultrices', 'nec enim. Nunc ut erat. Sed nunc est, mollis non, cursus non,', '2011-11-20 13:10:33', '2012-08-23 00:49:08'),
(173, '2011-10-18 15:07:10', '2012-06-02 11:38:41', 'Nunc mauris. Morbi', 'mi lacinia mattis.', '2012-08-22 18:11:09', '2011-10-27 16:06:32'),
(174, '2012-07-29 02:00:32', '2011-10-07 09:56:14', 'Maecenas iaculis aliquet', 'magna tellus faucibus leo, in lobortis tellus justo sit amet nulla. Donec non justo. Proin', '2011-11-23 13:38:41', '2012-07-14 21:06:37'),
(175, '2012-04-18 02:08:48', '2012-08-23 14:05:16', 'velit egestas', 'in, hendrerit', '2012-07-21 15:48:01', '2011-12-20 14:23:13'),
(176, '2011-09-21 07:13:06', '2012-01-21 23:00:30', 'nascetur', 'orci. Phasellus dapibus quam quis diam. Pellentesque habitant morbi tristique', '2011-12-21 09:58:43', '2012-07-25 21:08:16'),
(177, '2012-02-07 11:01:17', '2011-10-24 04:11:32', 'leo elementum sem, vitae', 'augue ac ipsum. Phasellus vitae mauris sit amet lorem semper auctor. Mauris vel', '2012-04-18 21:21:07', '2011-11-13 02:28:37'),
(178, '2012-01-27 13:40:31', '2011-12-01 16:10:44', 'venenatis a, magna. Lorem', 'nunc. Quisque ornare tortor at risus. Nunc ac sem ut dolor dapibus gravida.', '2012-05-21 17:12:00', '2012-03-22 06:13:10'),
(179, '2011-09-13 20:54:28', '2011-11-08 01:48:41', 'Class aptent taciti', 'Proin vel', '2012-05-05 13:21:32', '2012-07-03 18:45:33'),
(180, '2012-08-07 20:09:09', '2011-09-30 21:59:07', 'Aliquam erat', 'Pellentesque habitant morbi tristique senectus et netus et malesuada fames', '2012-05-01 05:39:24', '2012-02-19 05:46:43'),
(181, '2011-12-19 03:52:52', '2011-10-09 02:38:18', 'fermentum', 'elit, a feugiat tellus lorem eu metus. In lorem. Donec elementum, lorem ut', '2012-05-11 21:23:57', '2011-10-02 01:47:16'),
(182, '2011-09-13 19:57:22', '2011-10-19 06:12:54', 'lacus', 'non enim commodo hendrerit. Donec porttitor tellus', '2011-10-30 20:06:11', '2011-10-19 12:27:42'),
(183, '2011-11-28 19:53:12', '2012-02-12 00:30:57', 'id, blandit at,', 'In at pede.', '2012-02-29 15:33:32', '2011-09-20 07:27:07'),
(184, '2012-03-05 12:17:49', '2012-08-07 09:18:02', 'Nulla semper tellus id', 'ligula eu enim. Etiam imperdiet dictum magna. Ut tincidunt orci quis lectus. Nullam suscipit,', '2012-01-21 23:37:24', '2012-01-02 15:43:54'),
(185, '2012-04-17 22:39:16', '2011-12-21 03:34:16', 'vitae erat vel pede', 'pellentesque, tellus sem mollis dui, in sodales elit erat vitae risus. Duis', '2011-10-16 05:37:34', '2012-02-20 13:09:54'),
(186, '2012-07-15 21:38:12', '2012-06-11 18:21:33', 'pretium aliquet, metus', 'Nulla tempor augue ac ipsum. Phasellus vitae mauris sit amet lorem', '2012-05-31 09:21:47', '2012-05-25 08:54:41'),
(187, '2011-10-24 21:44:57', '2012-06-02 08:15:29', 'nunc. In at pede.', 'diam. Sed diam lorem, auctor quis, tristique ac, eleifend vitae, erat.', '2012-04-11 03:16:55', '2011-11-13 12:10:29'),
(188, '2011-10-18 09:49:06', '2011-10-04 16:07:44', 'rhoncus. Nullam velit', 'aliquam iaculis, lacus pede sagittis augue, eu', '2012-06-28 07:43:05', '2011-12-12 19:30:28'),
(189, '2011-11-02 04:01:20', '2011-10-30 03:45:59', 'ornare,', 'facilisis eget, ipsum. Donec sollicitudin adipiscing ligula. Aenean gravida nunc sed', '2012-07-29 18:13:10', '2012-07-07 12:45:23'),
(190, '2011-10-13 15:20:56', '2012-07-20 15:52:21', 'eu', 'arcu ac orci. Ut semper pretium neque. Morbi quis urna. Nunc quis arcu vel', '2011-12-04 20:11:26', '2011-11-01 04:41:12'),
(191, '2012-05-09 23:07:22', '2012-08-25 07:13:31', 'et pede. Nunc', 'sodales purus, in molestie tortor nibh sit amet', '2011-09-27 00:47:30', '2012-04-22 13:21:36'),
(192, '2012-03-17 06:22:27', '2011-10-09 19:11:45', 'malesuada augue ut lacus.', 'In tincidunt', '2011-11-15 03:55:07', '2012-01-25 10:09:20'),
(193, '2012-02-04 20:25:32', '2011-12-27 23:14:16', 'neque', 'ridiculus mus. Aenean eget magna. Suspendisse tristique neque', '2012-03-24 04:19:14', '2011-09-24 10:10:47'),
(194, '2012-02-13 00:02:24', '2011-10-08 09:06:45', 'ultrices posuere', 'lacus. Aliquam rutrum lorem ac risus. Morbi metus. Vivamus euismod urna. Nullam lobortis', '2012-07-10 02:46:27', '2012-05-18 19:28:36'),
(195, '2012-04-30 07:52:14', '2012-06-29 12:14:13', 'magna', 'in faucibus orci luctus et ultrices posuere cubilia Curae; Donec tincidunt.', '2011-08-29 12:12:32', '2011-09-17 01:25:53'),
(196, '2012-03-11 16:40:39', '2012-05-11 11:05:55', 'enim. Suspendisse aliquet, sem', 'lobortis augue scelerisque mollis. Phasellus libero mauris, aliquam eu,', '2012-02-11 03:44:37', '2011-10-07 08:25:48'),
(197, '2012-01-04 12:49:50', '2012-01-16 00:56:01', 'lorem, luctus', 'et ipsum cursus vestibulum. Mauris magna.', '2012-08-08 11:38:37', '2011-09-10 11:23:54'),
(198, '2011-10-17 21:59:35', '2012-03-01 10:44:45', 'luctus lobortis.', 'nisl elementum purus, accumsan interdum', '2012-01-10 18:17:44', '2011-12-11 20:56:58'),
(199, '2011-10-11 21:27:37', '2011-09-25 09:25:24', 'mattis. Integer', 'dictum. Proin eget odio. Aliquam vulputate ullamcorper magna.', '2012-01-20 08:03:11', '2012-08-12 21:25:51'),
(200, '2012-03-10 22:36:17', '2011-09-09 05:11:45', 'dapibus', 'vel arcu eu odio tristique pharetra. Quisque ac libero nec ligula consectetuer rhoncus.', '2012-08-03 01:52:50', '2012-06-27 09:02:10');

--
-- Dumping data for table `GroupsUsers`
--

INSERT INTO `GroupsUsers` (`id`, `accepted`, `groupId`, `userId`, `createdAt`, `updatedAt`) VALUES
(1, 1, 14, 53, '2012-08-24 11:06:20', '2012-02-20 02:12:39'),
(2, 0, 30, 113, '2011-10-18 10:29:19', '2013-08-18 09:39:58'),
(3, 0, 25, 196, '2013-04-29 14:42:54', '2012-07-25 16:24:48'),
(4, 1, 8, 181, '2011-11-05 11:14:21', '2013-03-04 08:20:31'),
(5, 0, 3, 180, '2012-08-14 18:57:18', '2012-08-10 03:55:54'),
(6, 0, 44, 132, '2013-03-18 19:16:51', '2012-11-03 13:42:24'),
(7, 0, 24, 176, '2011-10-15 03:49:09', '2011-12-07 18:25:58'),
(8, 1, 23, 163, '2013-06-01 17:59:09', '2012-08-12 12:07:18'),
(9, 0, 39, 53, '2012-05-13 06:15:46', '2013-03-03 03:51:42'),
(10, 1, 12, 108, '2012-11-25 17:56:40', '2013-08-21 18:40:52'),
(11, 1, 47, 162, '2012-03-04 20:21:42', '2012-06-29 19:58:22'),
(12, 1, 50, 81, '2012-01-06 17:34:59', '2013-02-23 01:43:48'),
(13, 0, 8, 177, '2012-12-10 17:39:36', '2012-07-22 07:55:56'),
(14, 0, 6, 9, '2012-07-05 20:53:11', '2012-08-25 00:44:52'),
(15, 0, 20, 21, '2011-12-14 14:39:03', '2013-05-27 15:48:26'),
(16, 0, 25, 195, '2012-11-24 21:23:15', '2012-12-01 23:34:47'),
(17, 1, 33, 90, '2012-07-07 09:40:14', '2011-09-30 15:28:48'),
(18, 1, 26, 179, '2013-07-16 18:51:45', '2012-11-05 23:31:01'),
(19, 1, 44, 134, '2012-10-06 05:33:44', '2012-01-06 11:03:18'),
(20, 1, 33, 179, '2012-09-07 14:15:32', '2012-10-20 22:38:07'),
(21, 0, 15, 167, '2013-03-11 21:24:43', '2012-10-30 20:36:13'),
(22, 0, 10, 167, '2012-08-18 10:52:10', '2012-01-14 15:47:34'),
(23, 1, 33, 198, '2013-03-02 20:29:44', '2012-01-21 12:30:23'),
(24, 0, 5, 21, '2012-09-21 13:00:29', '2012-03-21 20:56:20'),
(25, 1, 22, 98, '2013-07-24 23:36:11', '2012-12-07 15:44:53'),
(26, 1, 34, 198, '2012-04-18 03:48:48', '2012-08-03 22:42:31'),
(27, 1, 29, 129, '2012-02-28 18:08:32', '2013-05-08 14:33:21'),
(28, 0, 18, 32, '2012-07-01 21:29:39', '2012-12-10 19:03:36'),
(29, 1, 48, 7, '2012-09-18 07:22:02', '2012-04-29 10:30:39'),
(30, 1, 40, 136, '2012-02-29 06:11:51', '2012-03-30 20:46:29'),
(31, 0, 10, 194, '2013-04-24 20:18:35', '2011-11-17 12:57:24'),
(32, 0, 19, 32, '2011-09-15 23:58:32', '2013-04-10 14:27:33'),
(33, 0, 49, 162, '2012-03-08 22:22:08', '2013-07-05 22:47:15'),
(34, 0, 23, 181, '2013-06-18 19:18:25', '2012-10-10 22:23:04'),
(35, 0, 49, 68, '2012-11-12 00:29:32', '2012-03-17 00:48:30'),
(36, 1, 31, 4, '2012-05-10 06:52:25', '2012-12-09 02:24:12'),
(37, 1, 11, 119, '2011-10-21 15:52:55', '2011-12-25 13:20:34'),
(38, 0, 13, 190, '2013-07-26 06:21:36', '2012-02-05 05:26:11'),
(39, 1, 10, 178, '2013-02-20 10:00:32', '2011-12-19 01:01:55'),
(40, 1, 40, 136, '2012-03-14 01:02:55', '2011-09-01 22:07:08'),
(41, 0, 15, 172, '2012-07-30 15:07:53', '2011-09-07 04:40:05'),
(42, 0, 31, 47, '2012-12-26 07:46:03', '2012-01-11 03:32:06'),
(43, 0, 39, 42, '2012-07-13 20:06:34', '2011-10-18 22:58:24'),
(44, 0, 46, 133, '2013-01-09 21:39:03', '2013-04-11 09:14:33'),
(45, 0, 8, 129, '2012-02-02 06:45:37', '2012-02-01 19:17:02'),
(46, 0, 45, 50, '2012-12-15 06:55:05', '2012-02-29 03:10:57'),
(47, 0, 31, 91, '2012-04-05 20:32:53', '2012-10-04 22:57:51'),
(48, 0, 49, 140, '2011-11-15 10:53:17', '2011-09-19 17:37:21'),
(49, 1, 25, 177, '2012-07-06 21:49:21', '2012-10-19 07:08:40'),
(50, 1, 3, 134, '2012-05-20 07:47:50', '2013-08-16 10:51:33'),
(51, 1, 14, 191, '2012-11-09 21:24:41', '2012-01-19 06:34:41'),
(52, 0, 24, 113, '2012-07-30 17:29:54', '2012-04-14 21:13:12'),
(53, 1, 42, 67, '2012-08-05 04:26:15', '2012-03-13 07:47:05'),
(54, 1, 50, 49, '2013-07-30 18:25:14', '2011-09-21 13:35:58'),
(55, 0, 3, 80, '2013-07-01 12:01:15', '2012-06-10 22:58:34'),
(56, 0, 23, 58, '2013-02-01 18:28:44', '2012-09-25 17:02:52'),
(57, 0, 44, 180, '2013-01-02 04:58:29', '2012-12-09 12:17:04'),
(58, 1, 44, 174, '2013-07-19 01:23:36', '2012-05-17 14:11:41'),
(59, 1, 42, 73, '2012-04-26 06:05:19', '2011-09-14 11:45:41'),
(60, 0, 35, 81, '2012-07-20 04:02:20', '2013-07-19 08:08:33'),
(61, 0, 11, 136, '2012-08-06 17:37:54', '2013-03-15 08:27:36'),
(62, 0, 31, 30, '2013-01-04 10:52:08', '2012-09-26 22:34:12'),
(63, 1, 12, 194, '2013-06-29 09:41:02', '2012-09-06 03:30:59'),
(64, 1, 3, 190, '2013-05-23 13:54:25', '2013-02-12 22:50:53'),
(65, 0, 27, 199, '2012-07-13 20:08:30', '2012-10-16 11:48:48'),
(66, 1, 34, 88, '2012-09-17 06:40:35', '2013-05-25 00:36:29'),
(67, 1, 3, 61, '2012-12-18 13:10:54', '2011-12-08 08:11:12'),
(68, 1, 45, 37, '2011-09-20 03:29:50', '2011-11-27 06:19:04'),
(69, 1, 21, 4, '2012-09-12 04:57:04', '2013-05-26 23:33:09'),
(70, 1, 42, 142, '2012-02-23 11:30:26', '2011-11-10 13:12:54'),
(71, 0, 45, 185, '2012-08-22 20:02:12', '2013-08-06 10:34:07'),
(72, 0, 47, 105, '2012-10-14 08:05:39', '2011-10-24 07:55:43'),
(73, 0, 26, 149, '2012-01-08 11:04:05', '2012-02-20 12:59:10'),
(74, 0, 22, 159, '2012-10-16 12:03:21', '2012-06-27 17:36:11'),
(75, 0, 30, 66, '2012-01-26 11:59:13', '2011-09-19 21:22:30'),
(76, 0, 8, 1, '2011-12-25 20:33:07', '2012-04-24 02:40:59'),
(77, 1, 50, 11, '2012-10-01 12:29:36', '2012-05-06 02:44:25'),
(78, 1, 38, 188, '2012-01-09 15:07:28', '2013-08-24 04:42:24'),
(79, 0, 18, 71, '2013-07-27 12:44:18', '2013-04-06 13:01:56'),
(80, 0, 17, 35, '2012-04-10 22:54:35', '2012-03-19 08:21:57'),
(81, 1, 35, 15, '2011-09-23 05:46:26', '2013-04-22 01:59:49'),
(82, 1, 38, 200, '2012-11-10 12:23:21', '2012-12-17 11:45:58'),
(83, 0, 48, 102, '2011-12-17 11:22:58', '2013-05-13 13:59:55'),
(84, 1, 6, 189, '2011-12-14 13:51:15', '2012-09-26 01:25:48'),
(85, 1, 12, 108, '2013-05-22 19:26:46', '2011-10-29 07:34:39'),
(86, 0, 17, 138, '2011-11-23 16:16:13', '2012-11-12 00:04:36'),
(87, 0, 44, 137, '2013-01-30 22:58:41', '2012-05-09 07:26:43'),
(88, 0, 36, 86, '2011-10-28 07:03:28', '2011-09-14 17:01:59'),
(89, 0, 38, 156, '2013-07-08 23:24:21', '2013-03-27 08:54:16'),
(90, 0, 40, 21, '2013-01-28 16:30:19', '2013-01-16 23:23:41'),
(91, 1, 27, 161, '2012-12-20 01:17:14', '2013-06-21 05:19:33'),
(92, 1, 11, 111, '2012-09-23 19:37:17', '2012-03-06 23:08:37'),
(93, 1, 21, 101, '2011-11-09 19:03:12', '2012-06-14 03:50:12'),
(94, 0, 17, 124, '2012-06-23 00:44:43', '2012-03-30 01:18:26'),
(95, 0, 4, 170, '2013-02-13 19:13:12', '2013-08-26 14:14:45'),
(96, 1, 7, 36, '2011-12-22 03:30:44', '2013-01-31 17:03:16'),
(97, 0, 10, 11, '2011-10-08 20:29:09', '2012-07-17 10:58:19'),
(98, 1, 15, 154, '2012-09-01 18:01:22', '2013-03-30 08:37:10'),
(99, 0, 18, 103, '2012-03-21 04:59:18', '2013-01-23 18:21:11'),
(100, 0, 38, 59, '2012-07-31 16:11:23', '2012-04-07 12:51:12'),
(101, 0, 17, 166, '2013-02-14 21:46:06', '2013-01-09 09:42:50'),
(102, 0, 49, 7, '2013-03-03 22:17:29', '2013-07-02 06:59:33'),
(103, 1, 31, 87, '2011-10-19 01:46:32', '2012-12-23 06:00:38'),
(104, 0, 39, 155, '2013-03-03 16:34:05', '2013-06-29 02:25:50'),
(105, 1, 43, 168, '2013-01-22 21:11:35', '2012-10-19 21:49:42'),
(106, 1, 25, 193, '2013-07-28 11:19:43', '2013-07-23 17:56:06'),
(107, 1, 40, 29, '2011-12-18 06:21:27', '2011-12-27 09:59:03'),
(108, 1, 40, 88, '2011-10-01 08:25:24', '2011-11-02 09:32:45'),
(109, 1, 12, 158, '2013-07-23 04:38:11', '2013-04-22 03:21:27'),
(110, 0, 22, 108, '2012-08-26 16:40:24', '2011-11-12 09:38:32'),
(111, 0, 37, 174, '2012-10-02 22:11:36', '2012-05-24 04:53:46'),
(112, 0, 42, 168, '2012-09-17 20:12:17', '2013-01-06 04:45:27'),
(113, 0, 25, 91, '2013-07-14 19:18:49', '2013-04-02 17:28:20'),
(114, 1, 33, 44, '2012-04-14 08:10:32', '2012-04-22 16:18:42'),
(115, 0, 22, 15, '2012-01-05 10:01:20', '2013-04-25 20:24:00'),
(116, 0, 3, 112, '2012-04-03 05:07:22', '2012-12-15 11:22:41'),
(117, 0, 43, 72, '2012-07-20 12:35:43', '2012-03-17 17:41:30'),
(118, 0, 35, 31, '2012-09-18 08:00:50', '2012-05-06 20:39:35'),
(119, 1, 17, 75, '2012-10-22 16:28:41', '2012-03-14 11:14:09'),
(120, 1, 23, 160, '2012-06-25 09:45:49', '2011-09-08 18:55:15'),
(121, 0, 45, 105, '2013-06-03 14:32:29', '2013-04-25 14:49:59'),
(122, 0, 7, 71, '2012-04-06 04:12:12', '2013-05-23 10:13:08'),
(123, 1, 22, 168, '2011-09-28 21:05:50', '2011-10-29 22:42:17'),
(124, 0, 8, 98, '2011-09-05 04:58:06', '2012-08-31 21:30:23'),
(125, 1, 33, 182, '2012-05-06 13:07:19', '2013-04-19 10:25:51'),
(126, 1, 49, 191, '2012-06-25 08:42:15', '2012-09-25 20:49:56'),
(127, 0, 14, 159, '2013-03-15 17:03:37', '2012-01-12 17:38:00'),
(128, 1, 36, 99, '2012-06-17 16:09:24', '2013-01-19 18:36:11'),
(129, 1, 30, 163, '2013-01-30 08:13:04', '2013-05-18 04:47:13'),
(130, 0, 14, 54, '2013-07-23 21:10:47', '2012-08-25 14:29:59'),
(131, 1, 24, 30, '2013-02-18 09:07:10', '2013-02-04 00:38:49'),
(132, 0, 27, 56, '2011-09-15 09:21:24', '2012-01-24 04:33:48'),
(133, 1, 23, 141, '2011-09-21 22:49:54', '2012-12-26 12:16:15'),
(134, 1, 41, 170, '2013-06-27 22:18:30', '2012-07-25 10:26:11'),
(135, 0, 20, 98, '2011-11-13 20:49:15', '2012-05-10 22:24:36'),
(136, 0, 3, 94, '2012-10-06 11:38:50', '2012-04-20 18:22:22'),
(137, 1, 14, 148, '2012-02-09 07:12:21', '2012-08-23 02:22:28'),
(138, 1, 42, 91, '2012-08-24 12:13:05', '2011-12-13 13:09:18'),
(139, 0, 29, 10, '2012-02-25 13:29:03', '2013-08-13 19:53:02'),
(140, 0, 33, 62, '2011-08-29 17:11:20', '2013-08-26 17:57:40'),
(141, 0, 28, 156, '2013-02-28 13:06:33', '2012-12-06 12:20:29'),
(142, 0, 49, 64, '2013-01-05 23:04:52', '2012-01-31 12:32:11'),
(143, 1, 38, 154, '2012-07-01 16:56:18', '2012-06-06 13:54:07'),
(144, 0, 18, 117, '2012-01-29 17:43:52', '2011-09-12 09:41:36'),
(145, 0, 23, 196, '2012-02-17 22:21:45', '2011-12-04 04:41:56'),
(146, 1, 24, 6, '2012-01-01 20:20:12', '2013-03-14 10:53:12'),
(147, 0, 21, 60, '2012-10-13 13:17:36', '2013-03-18 22:34:04'),
(148, 1, 9, 27, '2013-06-18 04:30:40', '2013-02-06 13:49:33'),
(149, 0, 21, 139, '2012-09-11 11:51:32', '2012-10-12 00:04:26'),
(150, 0, 24, 71, '2012-09-14 14:07:15', '2012-05-20 15:23:50'),
(151, 1, 40, 182, '2012-12-15 04:33:23', '2012-08-12 01:16:06'),
(152, 1, 13, 177, '2013-02-07 17:10:51', '2012-07-10 08:11:46'),
(153, 1, 50, 127, '2013-04-19 12:22:07', '2011-09-01 06:17:42'),
(154, 1, 23, 199, '2013-08-10 04:55:47', '2013-03-01 02:37:04'),
(155, 0, 37, 90, '2012-12-08 11:40:27', '2011-11-15 00:03:11'),
(156, 0, 27, 183, '2012-04-16 04:36:38', '2011-10-12 06:17:41'),
(157, 0, 39, 66, '2013-06-03 14:00:39', '2013-04-11 20:30:57'),
(158, 1, 39, 100, '2013-03-22 01:59:47', '2012-01-08 07:29:46'),
(159, 1, 11, 182, '2012-11-29 10:29:07', '2013-05-03 18:06:29'),
(160, 0, 35, 75, '2011-10-25 01:04:56', '2012-06-28 23:22:11'),
(161, 1, 25, 32, '2011-10-11 08:44:33', '2012-11-14 19:55:47'),
(162, 1, 4, 82, '2012-07-30 12:54:08', '2012-04-20 00:21:32'),
(163, 1, 49, 81, '2011-12-18 07:00:10', '2013-03-04 12:14:59'),
(164, 0, 32, 170, '2013-05-01 02:25:20', '2011-12-20 16:58:30'),
(165, 0, 44, 117, '2011-09-12 17:17:21', '2012-09-14 10:07:00'),
(166, 1, 4, 22, '2012-03-29 12:49:35', '2013-01-23 08:35:47'),
(167, 0, 17, 176, '2013-02-22 17:14:15', '2013-01-24 12:11:01'),
(168, 1, 44, 129, '2011-09-24 07:56:19', '2013-03-30 15:24:51'),
(169, 0, 27, 170, '2012-05-31 00:37:52', '2012-03-07 07:51:25'),
(170, 0, 46, 109, '2013-07-31 19:06:05', '2013-01-25 00:20:47'),
(171, 1, 32, 8, '2012-11-28 22:19:58', '2013-03-07 09:37:08'),
(172, 1, 13, 22, '2011-11-19 09:43:18', '2011-10-08 13:00:49'),
(173, 0, 39, 14, '2013-04-26 01:10:26', '2013-06-19 21:22:27'),
(174, 1, 46, 139, '2011-11-21 10:04:08', '2012-12-27 08:28:28'),
(175, 0, 3, 111, '2012-10-08 17:31:02', '2012-04-21 02:07:21'),
(176, 0, 32, 126, '2011-12-12 12:06:37', '2012-05-11 11:44:00'),
(177, 0, 6, 190, '2013-01-16 07:14:17', '2013-02-23 18:21:42'),
(178, 1, 47, 162, '2011-12-23 14:38:14', '2013-01-02 16:38:34'),
(179, 1, 13, 69, '2013-02-08 15:20:04', '2012-02-29 18:00:21'),
(180, 0, 25, 49, '2013-01-07 16:03:45', '2012-06-21 14:18:17'),
(181, 0, 5, 173, '2012-09-02 08:59:35', '2012-02-27 06:27:49'),
(182, 0, 43, 23, '2013-08-03 03:17:04', '2011-12-26 17:52:12'),
(183, 0, 1, 176, '2013-07-15 23:48:05', '2013-06-01 16:27:38'),
(184, 0, 30, 157, '2013-08-01 01:43:39', '2012-04-16 06:54:56'),
(185, 1, 1, 165, '2011-10-12 06:42:48', '2012-07-06 18:08:22'),
(186, 0, 1, 90, '2011-09-07 05:04:16', '2011-08-29 14:52:19'),
(187, 0, 6, 113, '2012-11-03 12:05:00', '2012-10-27 12:45:59'),
(188, 0, 6, 100, '2012-05-13 18:58:35', '2013-01-26 23:27:32'),
(189, 1, 37, 151, '2013-06-18 06:33:56', '2011-12-01 11:28:10'),
(190, 0, 11, 48, '2012-10-30 21:05:21', '2013-04-18 00:27:36'),
(191, 0, 12, 64, '2011-12-29 14:17:58', '2012-06-14 11:37:22'),
(192, 0, 15, 33, '2013-01-31 05:44:36', '2012-02-22 00:29:37'),
(193, 0, 23, 36, '2012-11-12 19:31:32', '2013-03-23 01:10:58'),
(194, 0, 35, 154, '2012-09-15 06:01:15', '2013-04-14 13:12:02'),
(195, 0, 31, 155, '2011-11-28 05:37:18', '2012-02-25 05:22:00'),
(196, 1, 5, 157, '2013-08-04 11:36:19', '2013-06-11 01:47:20'),
(197, 0, 10, 180, '2012-08-29 02:24:41', '2011-11-27 15:48:10'),
(198, 1, 13, 200, '2012-03-12 04:36:11', '2012-02-27 22:33:50'),
(199, 0, 6, 146, '2011-08-28 05:41:22', '2013-05-17 04:29:01'),
(200, 0, 16, 187, '2012-09-06 13:19:39', '2011-09-27 21:06:22');

--
-- Dumping data for table `SubTransactions`
--

INSERT INTO `SubTransactions` (`id`, `amount`, `accepted`, `createdAt`, `updatedAt`, `payerId`, `borrowerId`, `TransactionId`) VALUES
(1, 2584, 0, '2013-07-09 11:56:36', '2013-04-18 05:56:56', 59, 107, 56),
(2, 5448, 0, '2012-05-19 21:30:48', '2013-04-08 19:06:36', 138, 28, 11),
(3, 5250, 0, '2013-08-05 19:19:45', '2013-01-28 03:14:02', 198, 32, 97),
(4, 7330, 0, '2013-01-19 07:38:14', '2013-08-11 21:58:27', 117, 103, 9),
(5, 9713, 0, '2012-12-15 20:59:47', '2013-02-26 02:30:35', 133, 25, 48),
(6, 6661, 0, '2013-08-12 07:58:24', '2012-10-16 06:12:27', 121, 124, 18),
(7, 659, 1, '2011-09-28 08:25:26', '2012-11-25 18:34:39', 176, 78, 41),
(8, 7328, 1, '2012-07-31 03:50:09', '2011-09-25 12:51:19', 75, 19, 7),
(9, 8012, 1, '2013-04-16 23:58:45', '2012-03-19 17:31:26', 178, 92, 78),
(10, 4141, 0, '2012-09-18 09:20:59', '2011-12-13 18:37:44', 182, 193, 71),
(11, 8900, 1, '2011-11-15 08:01:08', '2011-09-04 11:45:38', 179, 127, 6),
(12, 5855, 0, '2011-09-12 09:50:45', '2011-12-20 20:00:49', 156, 148, 92),
(13, 7257, 1, '2013-08-17 10:32:14', '2011-12-10 23:56:36', 160, 180, 20),
(14, 1976, 1, '2011-11-15 02:21:27', '2012-03-06 02:48:17', 196, 180, 73),
(15, 1923, 1, '2012-09-25 02:49:21', '2013-04-29 13:34:25', 77, 128, 16),
(16, 1228, 0, '2013-06-15 21:46:00', '2011-11-05 02:32:16', 21, 186, 2),
(17, 437, 1, '2013-04-17 00:37:29', '2012-09-21 09:00:24', 43, 32, 45),
(18, 9977, 1, '2011-12-13 22:49:57', '2012-02-09 00:16:05', 133, 110, 48),
(19, 6598, 0, '2012-08-14 06:17:22', '2012-10-27 02:50:17', 121, 90, 18),
(20, 4722, 1, '2012-01-20 15:47:17', '2012-08-31 08:56:27', 45, 120, 55),
(21, 5335, 1, '2011-08-25 16:58:35', '2012-04-10 15:27:27', 165, 176, 43),
(22, 3924, 0, '2011-10-15 10:51:57', '2012-03-24 17:44:45', 106, 147, 94),
(23, 4879, 1, '2013-03-05 17:45:33', '2012-09-20 09:41:05', 106, 87, 94),
(24, 2002, 0, '2011-10-30 13:25:50', '2013-05-16 19:45:32', 152, 190, 98),
(25, 1578, 1, '2012-10-18 22:29:58', '2012-01-09 05:54:43', 179, 88, 6),
(26, 4295, 1, '2013-05-29 10:01:53', '2013-03-07 14:39:23', 57, 48, 51),
(27, 2423, 1, '2013-05-26 20:19:31', '2012-06-23 08:41:44', 78, 97, 65),
(28, 7189, 1, '2013-04-28 17:46:43', '2013-01-24 10:24:30', 150, 39, 61),
(29, 5810, 1, '2012-11-28 04:03:24', '2012-10-02 15:21:43', 160, 67, 12),
(30, 3207, 1, '2012-09-24 19:57:16', '2012-04-19 02:38:29', 133, 200, 48),
(31, 5230, 0, '2012-05-26 21:45:43', '2013-04-21 02:56:40', 129, 156, 60),
(32, 1389, 0, '2012-01-20 01:51:16', '2013-02-12 04:26:26', 43, 168, 45),
(33, 150, 0, '2012-07-01 21:18:58', '2011-09-24 00:48:35', 92, 62, 57),
(34, 8628, 0, '2013-04-07 07:10:49', '2012-03-23 06:39:11', 104, 103, 23),
(35, 449, 0, '2012-02-17 12:28:30', '2012-07-13 18:30:40', 165, 87, 43),
(36, 199, 1, '2013-01-20 01:19:48', '2012-12-08 16:26:16', 86, 113, 75),
(37, 4345, 0, '2013-02-18 19:56:23', '2012-05-06 11:27:22', 108, 104, 87),
(38, 5027, 1, '2013-07-13 08:15:35', '2011-09-08 05:46:26', 81, 3, 50),
(39, 5147, 0, '2012-06-04 02:44:25', '2013-06-28 05:23:43', 182, 146, 34),
(40, 1412, 1, '2013-07-27 05:58:03', '2012-08-01 04:26:13', 138, 116, 11),
(41, 5858, 1, '2012-03-18 11:24:08', '2012-12-14 09:40:59', 179, 99, 6),
(42, 6234, 1, '2011-10-03 22:15:10', '2012-03-11 23:57:09', 4, 116, 8),
(43, 5542, 0, '2012-11-21 16:21:55', '2011-08-25 02:18:40', 41, 93, 54),
(44, 252, 1, '2012-04-01 15:04:25', '2012-03-24 13:22:55', 152, 20, 98),
(45, 6872, 1, '2013-03-10 20:58:26', '2011-10-01 10:44:30', 182, 54, 34),
(46, 3348, 0, '2013-01-15 16:38:10', '2012-05-24 08:47:10', 98, 140, 99),
(47, 350, 0, '2012-09-06 08:55:13', '2012-06-06 18:25:35', 178, 47, 78),
(48, 6606, 1, '2012-06-26 23:00:33', '2012-08-13 02:50:14', 174, 93, 44),
(49, 3605, 0, '2013-07-01 07:28:38', '2013-08-05 15:39:06', 133, 105, 48),
(50, 9835, 1, '2012-12-15 20:44:39', '2013-01-18 23:02:30', 78, 35, 65),
(51, 4168, 1, '2011-11-07 19:37:35', '2012-11-27 19:54:34', 148, 84, 13),
(52, 5929, 1, '2011-11-28 22:38:58', '2012-02-22 14:07:53', 43, 105, 45),
(53, 5173, 1, '2012-08-28 15:41:17', '2012-01-04 04:43:37', 116, 25, 80),
(54, 5072, 1, '2013-01-22 09:57:11', '2012-05-15 06:15:28', 181, 159, 25),
(55, 843, 0, '2013-03-22 03:46:40', '2013-04-20 16:16:36', 78, 107, 68),
(56, 7482, 1, '2012-09-27 05:45:50', '2012-11-05 13:40:12', 200, 39, 70),
(57, 8648, 1, '2012-04-25 09:36:15', '2013-07-01 22:48:57', 81, 24, 3),
(58, 6799, 1, '2012-05-06 03:48:09', '2011-09-12 12:21:12', 112, 43, 24),
(59, 2243, 1, '2013-04-03 23:11:42', '2011-12-04 13:04:08', 158, 192, 86),
(60, 5847, 0, '2012-02-02 16:15:46', '2013-07-01 13:24:46', 14, 47, 26),
(61, 8893, 0, '2012-03-02 17:30:46', '2013-01-27 22:58:44', 158, 32, 86),
(62, 855, 1, '2013-05-04 02:55:32', '2013-07-01 16:31:47', 9, 62, 10),
(63, 623, 0, '2013-01-25 00:47:35', '2012-08-11 16:50:51', 124, 124, 30),
(64, 7289, 0, '2012-09-23 10:07:53', '2013-01-18 05:35:56', 57, 101, 51),
(65, 2363, 1, '2012-08-07 04:28:16', '2012-03-30 20:26:35', 105, 6, 69),
(66, 923, 1, '2011-08-30 08:41:59', '2012-11-17 09:51:16', 175, 147, 85),
(67, 4061, 1, '2011-11-15 08:25:21', '2011-11-17 10:56:54', 178, 164, 78),
(68, 153, 1, '2013-06-21 13:07:13', '2013-07-31 00:59:59', 37, 78, 21),
(69, 7823, 0, '2013-08-05 20:45:31', '2012-01-05 02:18:42', 75, 98, 7),
(70, 6717, 0, '2013-07-26 10:49:58', '2012-04-24 19:17:22', 196, 135, 73),
(71, 8669, 1, '2012-01-23 02:07:27', '2012-04-28 07:22:03', 106, 21, 94),
(72, 1339, 0, '2012-03-31 12:30:41', '2013-05-09 23:16:42', 82, 57, 93),
(73, 3993, 1, '2012-01-09 00:25:42', '2012-10-05 00:29:04', 57, 113, 51),
(74, 3284, 1, '2013-02-24 19:58:54', '2011-09-14 06:19:36', 198, 3, 97),
(75, 6164, 1, '2013-08-06 17:26:00', '2013-03-13 20:58:40', 138, 200, 29),
(76, 4741, 1, '2011-11-12 12:59:12', '2013-01-19 23:08:36', 110, 167, 35),
(77, 2188, 1, '2012-04-26 19:44:29', '2012-02-18 00:59:01', 140, 134, 81),
(78, 1906, 1, '2013-02-28 10:47:43', '2012-09-13 21:52:10', 117, 149, 9),
(79, 9298, 0, '2013-02-17 03:05:39', '2012-07-13 12:04:33', 182, 96, 71),
(80, 2788, 1, '2013-03-27 06:15:00', '2012-07-27 11:02:08', 13, 138, 83),
(81, 2466, 0, '2013-05-02 02:02:21', '2013-07-15 15:45:34', 124, 132, 30),
(82, 8994, 0, '2011-12-06 06:30:17', '2013-05-31 04:42:30', 198, 80, 97),
(83, 3115, 1, '2012-04-20 13:23:38', '2012-10-30 10:17:14', 138, 113, 29),
(84, 4683, 1, '2013-03-23 19:39:24', '2012-09-26 16:15:45', 81, 94, 50),
(85, 1696, 0, '2012-12-26 22:57:36', '2012-10-17 10:18:52', 52, 189, 88),
(86, 3449, 0, '2012-08-03 07:37:36', '2013-02-08 23:12:44', 87, 126, 91),
(87, 5068, 1, '2013-02-09 22:05:14', '2012-05-02 15:19:33', 41, 25, 54),
(88, 5096, 0, '2013-05-07 18:52:58', '2012-02-11 22:11:43', 165, 96, 43),
(89, 6280, 1, '2011-08-27 15:01:55', '2012-12-21 22:23:20', 81, 59, 36),
(90, 3212, 1, '2012-12-04 13:27:23', '2012-03-27 10:28:05', 104, 82, 23),
(91, 6046, 1, '2013-04-07 13:13:17', '2013-06-13 17:36:40', 33, 49, 52),
(92, 5074, 1, '2011-10-19 08:32:56', '2012-12-29 10:48:53', 199, 39, 22),
(93, 6479, 1, '2013-05-05 12:40:32', '2012-09-01 12:54:49', 13, 172, 83),
(94, 6239, 0, '2011-09-07 14:16:43', '2013-01-03 03:56:28', 175, 58, 85),
(95, 2668, 1, '2011-12-02 03:34:54', '2013-02-28 07:23:07', 37, 61, 21),
(96, 9892, 1, '2013-04-18 12:58:09', '2013-05-17 15:39:41', 84, 20, 4),
(97, 1972, 1, '2013-03-16 15:24:17', '2012-12-10 19:43:39', 19, 166, 95),
(98, 1262, 0, '2013-03-09 18:55:49', '2011-09-17 10:42:18', 35, 174, 53),
(99, 7513, 1, '2012-12-29 18:52:28', '2012-06-13 16:33:46', 43, 169, 38),
(100, 500, 0, '2011-10-12 01:33:39', '2012-01-08 10:59:52', 123, 180, 76);

--
-- Dumping data for table `Transactions`
--

INSERT INTO `Transactions` (`id`, `title`, `description`, `totalAmount`, `date`, `createdAt`, `updatedAt`, `createdBy`) VALUES
(1, 'malesuada fringilla est.', 'nibh. Donec est mauris, rhoncus id, mollis', 726, '2012-09-03 07:31:35', '2012-01-22 15:06:40', '2012-12-23 02:38:25', 134),
(2, 'non, dapibus rutrum, justo.', 'dis parturient montes, nascetur ridiculus mus. Aenean eget magna. Suspendisse tristique neque venenatis', 937, '2013-06-03 22:11:34', '2013-05-05 01:00:07', '2012-08-26 17:08:43', 21),
(3, 'non,', 'est. Nunc ullamcorper, velit in aliquet lobortis, nisi nibh lacinia orci,', 70, '2011-11-22 13:50:44', '2012-04-18 03:59:26', '2012-01-13 07:21:25', 81),
(4, 'felis.', 'dui. Cras pellentesque. Sed dictum. Proin eget odio. Aliquam vulputate ullamcorper magna. Sed', 78, '2012-12-28 11:01:05', '2012-08-06 00:46:11', '2012-01-26 20:05:54', 84),
(5, 'risus. Nunc ac', 'eu nulla at sem molestie sodales. Mauris', 546, '2013-03-20 23:16:49', '2012-09-16 09:13:29', '2011-09-24 17:04:03', 156),
(6, 'augue. Sed', 'est arcu ac orci. Ut semper', 393, '2012-04-30 19:46:03', '2012-02-04 10:59:14', '2013-05-12 09:47:59', 179),
(7, 'faucibus orci', 'gravida. Praesent eu nulla at sem molestie sodales. Mauris', 879, '2012-12-08 11:47:57', '2012-09-02 03:45:25', '2012-10-01 06:09:18', 75),
(8, 'dolor vitae', 'nunc sit amet metus. Aliquam erat volutpat. Nulla facilisis. Suspendisse commodo tincidunt nibh. Phasellus nulla.', 822, '2011-11-20 18:00:50', '2012-01-14 12:18:15', '2013-03-02 15:02:46', 4),
(9, 'auctor vitae,', 'purus sapien, gravida non, sollicitudin a, malesuada id, erat. Etiam', 88, '2012-09-28 02:03:14', '2012-05-06 14:19:24', '2013-01-16 20:41:43', 117),
(10, 'non massa', 'vel, faucibus id, libero. Donec consectetuer mauris id sapien. Cras', 774, '2012-07-06 01:46:05', '2013-05-14 19:10:06', '2012-02-15 04:05:20', 9),
(11, 'lorem, luctus', 'Nam ligula elit, pretium et, rutrum non, hendrerit', 956, '2011-11-09 13:52:21', '2011-10-15 11:21:20', '2012-07-11 15:04:17', 138),
(12, 'mus. Proin', 'sit amet luctus vulputate, nisi sem semper erat, in consectetuer ipsum nunc id enim. Curabitur', 495, '2012-05-14 04:46:57', '2013-07-25 15:17:59', '2012-03-15 12:23:46', 160),
(13, 'Nullam vitae', 'mollis. Duis sit amet diam eu dolor egestas rhoncus. Proin nisl sem, consequat nec, mollis', 637, '2013-07-25 18:14:19', '2012-10-20 04:14:59', '2012-10-04 12:31:29', 148),
(14, 'nunc. Quisque', 'Proin dolor. Nulla semper tellus id nunc interdum feugiat. Sed nec metus', 930, '2012-12-02 23:05:35', '2012-05-24 14:52:04', '2011-09-23 04:17:17', 159),
(15, 'Maecenas iaculis', 'neque non quam. Pellentesque habitant morbi tristique senectus et', 993, '2012-02-24 22:29:51', '2012-01-19 06:15:40', '2013-03-09 13:49:23', 36),
(16, 'neque vitae semper egestas,', 'Phasellus in felis. Nulla tempor augue ac ipsum. Phasellus', 980, '2013-02-17 06:31:09', '2011-11-14 11:30:23', '2011-12-26 23:32:52', 77),
(17, 'eu tellus eu augue', 'et tristique pellentesque, tellus sem mollis dui, in sodales elit erat vitae', 363, '2013-06-14 12:34:28', '2012-10-28 05:57:13', '2012-08-13 04:02:00', 42),
(18, 'Cum sociis natoque', 'sed dolor. Fusce mi lorem, vehicula et, rutrum eu, ultrices sit amet, risus. Donec nibh', 880, '2012-05-18 22:04:38', '2012-12-12 03:20:01', '2012-06-09 16:50:12', 121),
(19, 'vitae', 'non, lobortis quis, pede. Suspendisse dui. Fusce diam nunc, ullamcorper', 901, '2013-02-28 09:01:17', '2012-12-16 05:22:17', '2011-09-30 10:24:01', 90),
(20, 'lorem, luctus ut,', 'turpis non enim. Mauris quis turpis vitae purus gravida sagittis. Duis gravida. Praesent', 100, '2012-02-03 13:08:39', '2013-08-04 11:02:01', '2012-06-17 17:49:53', 160),
(21, 'sit amet,', 'vitae diam. Proin dolor. Nulla semper tellus', 182, '2012-09-24 07:13:46', '2012-01-06 07:26:19', '2012-01-03 13:27:44', 37),
(22, 'facilisis', 'fringilla cursus purus. Nullam scelerisque neque sed sem egestas blandit. Nam', 851, '2013-07-20 12:44:38', '2011-11-26 23:33:38', '2013-01-23 18:39:55', 199),
(23, 'odio', 'Nulla eget metus eu erat semper rutrum. Fusce dolor quam, elementum at,', 945, '2013-03-26 07:12:28', '2012-02-16 11:29:21', '2013-04-02 17:59:08', 104),
(24, 'Curabitur dictum. Phasellus', 'ipsum leo elementum sem, vitae aliquam eros turpis non enim. Mauris quis', 145, '2012-02-21 06:51:58', '2013-01-05 15:00:31', '2012-03-31 16:59:29', 112),
(25, 'pede et risus.', 'augue ut lacus. Nulla tincidunt, neque vitae semper egestas, urna justo faucibus lectus,', 47, '2013-05-11 19:53:34', '2012-04-29 16:22:21', '2013-02-04 23:45:18', 181),
(26, 'ligula.', 'Nulla tincidunt, neque vitae semper egestas, urna justo faucibus lectus, a sollicitudin orci sem', 141, '2012-04-01 14:35:40', '2012-02-20 13:41:35', '2012-10-24 04:24:29', 14),
(27, 'mauris. Morbi non', 'suscipit nonummy. Fusce fermentum fermentum arcu.', 145, '2013-02-08 01:59:50', '2012-11-23 22:40:35', '2013-07-18 05:03:19', 195),
(28, 'eu,', 'et malesuada fames ac turpis egestas. Aliquam fringilla cursus', 245, '2011-10-27 06:14:28', '2012-04-01 18:21:15', '2012-03-19 07:27:46', 72),
(29, 'Suspendisse commodo', 'dolor. Quisque tincidunt pede ac urna. Ut tincidunt vehicula risus. Nulla', 30, '2012-01-27 12:06:44', '2013-05-27 06:45:17', '2013-02-04 09:11:36', 138),
(30, 'erat, eget tincidunt', 'Nam porttitor scelerisque neque. Nullam nisl. Maecenas malesuada fringilla est. Mauris', 27, '2011-12-21 19:15:14', '2012-09-01 08:18:13', '2012-04-24 06:16:35', 124),
(31, 'arcu. Vestibulum', 'dictum cursus. Nunc mauris elit, dictum eu, eleifend nec, malesuada ut, sem. Nulla interdum. Curabitur', 630, '2012-06-02 16:30:36', '2012-06-25 14:55:49', '2011-12-11 23:41:57', 27),
(32, 'neque.', 'erat. Vivamus nisi. Mauris nulla. Integer urna. Vivamus molestie', 439, '2013-04-13 12:58:42', '2011-11-03 17:13:30', '2013-05-01 20:43:17', 111),
(33, 'Suspendisse tristique', 'erat eget ipsum. Suspendisse sagittis. Nullam vitae diam. Proin dolor. Nulla semper tellus', 508, '2012-06-17 11:56:23', '2012-02-27 05:22:37', '2013-04-21 06:54:05', 1),
(34, 'nulla.', 'pede nec ante blandit viverra. Donec tempus, lorem fringilla ornare placerat, orci lacus vestibulum', 905, '2012-11-25 12:28:39', '2012-12-15 23:26:26', '2013-04-11 08:00:22', 182),
(35, 'sagittis felis.', 'tincidunt, nunc ac mattis ornare, lectus ante dictum mi, ac', 877, '2013-05-25 03:01:21', '2013-04-22 23:23:19', '2011-10-09 16:29:02', 110),
(36, 'enim consequat purus.', 'Nullam enim. Sed nulla ante, iaculis nec, eleifend non, dapibus rutrum, justo. Praesent', 350, '2012-12-01 07:08:38', '2013-06-10 04:23:53', '2011-10-15 20:36:39', 81),
(37, 'Ut tincidunt orci', 'nisi. Aenean eget metus. In nec orci. Donec nibh. Quisque nonummy', 966, '2011-10-22 11:50:55', '2013-01-14 18:19:37', '2012-09-10 16:13:33', 11),
(38, 'diam. Duis mi', 'neque vitae semper egestas, urna justo faucibus lectus, a sollicitudin orci sem', 76, '2012-11-17 03:04:00', '2013-04-06 19:41:18', '2011-11-15 09:05:21', 43),
(39, 'Nulla tempor', 'pharetra nibh. Aliquam ornare, libero at', 856, '2012-10-30 03:47:07', '2013-02-24 20:37:05', '2012-05-12 01:50:37', 200),
(40, 'tempus', 'ac nulla. In tincidunt congue turpis. In condimentum. Donec at', 140, '2012-04-24 16:42:56', '2013-02-03 12:08:49', '2013-08-15 12:04:07', 73),
(41, 'ridiculus mus.', 'pulvinar arcu et pede. Nunc sed orci lobortis augue scelerisque', 228, '2012-04-09 12:18:56', '2011-12-15 23:44:24', '2012-10-25 16:42:38', 176),
(42, 'ipsum. Curabitur', 'tristique senectus et netus et malesuada fames ac turpis egestas.', 986, '2011-09-26 09:40:49', '2012-08-17 07:00:50', '2013-05-15 01:59:41', 88),
(43, 'venenatis', 'sem. Pellentesque ut ipsum ac mi eleifend egestas. Sed pharetra, felis eget varius', 37, '2012-09-28 23:31:04', '2012-02-13 03:19:50', '2012-06-01 18:26:41', 165),
(44, 'est', 'non lorem vitae odio sagittis', 731, '2012-05-04 01:17:36', '2013-02-01 01:36:47', '2012-03-20 09:27:29', 174),
(45, 'mattis', 'Donec non justo. Proin non', 647, '2012-08-02 00:03:00', '2012-08-26 06:22:20', '2012-11-01 18:29:38', 43),
(46, 'tortor at risus. Nunc', 'nec luctus felis purus ac tellus. Suspendisse sed dolor. Fusce mi lorem, vehicula et,', 961, '2012-08-01 18:20:35', '2013-07-04 08:24:06', '2012-09-30 13:44:18', 24),
(47, 'orci sem', 'quam. Pellentesque habitant morbi tristique', 475, '2012-07-20 18:24:44', '2011-09-19 02:57:30', '2011-12-12 16:25:58', 1),
(48, 'enim. Etiam', 'vehicula risus. Nulla eget metus eu erat semper rutrum. Fusce dolor', 417, '2012-01-16 05:06:40', '2013-04-23 01:16:52', '2012-05-31 10:25:06', 133),
(49, 'tellus eu augue porttitor', 'magna, malesuada vel, convallis in, cursus', 582, '2013-01-24 12:37:37', '2012-07-02 13:42:53', '2012-08-22 05:44:21', 167),
(50, 'orci, consectetuer euismod', 'mattis. Integer eu lacus. Quisque imperdiet, erat nonummy ultricies ornare, elit elit fermentum', 317, '2013-02-14 21:19:52', '2013-01-23 20:19:29', '2012-09-23 09:04:15', 81),
(51, 'tincidunt', 'ipsum nunc id enim. Curabitur massa. Vestibulum accumsan', 786, '2011-09-18 03:36:33', '2012-10-27 08:21:07', '2012-05-09 23:56:23', 57),
(52, 'eu', 'et pede. Nunc sed orci lobortis augue scelerisque mollis. Phasellus libero mauris,', 12, '2012-08-22 13:24:51', '2013-01-02 11:24:45', '2013-05-14 02:39:29', 33),
(53, 'at', 'lectus. Cum sociis natoque penatibus et magnis dis parturient montes, nascetur ridiculus mus.', 326, '2012-10-05 15:29:02', '2013-01-23 14:59:48', '2012-08-23 09:06:46', 35),
(54, 'augue id', 'non, luctus sit amet, faucibus ut, nulla. Cras eu tellus eu', 45, '2011-10-06 06:49:32', '2011-09-22 22:47:46', '2012-03-06 05:45:11', 41),
(55, 'ligula. Donec', 'egestas a, scelerisque sed, sapien. Nunc pulvinar arcu et pede. Nunc sed orci lobortis', 581, '2012-07-26 11:38:35', '2012-08-30 05:50:09', '2012-05-17 19:53:56', 45),
(56, 'lectus. Nullam', 'nunc interdum feugiat. Sed nec metus facilisis lorem tristique aliquet.', 510, '2013-03-17 10:20:15', '2011-09-29 10:00:34', '2012-11-17 18:29:20', 59),
(57, 'ligula.', 'In scelerisque scelerisque dui. Suspendisse ac metus vitae velit', 585, '2013-07-23 14:58:58', '2012-12-30 11:04:03', '2012-11-05 01:35:32', 92),
(58, 'Donec consectetuer mauris id', 'Aenean sed pede nec ante blandit viverra. Donec tempus, lorem fringilla ornare placerat,', 316, '2013-04-22 10:04:52', '2012-04-03 11:04:48', '2012-11-20 18:24:36', 15),
(59, 'lacus. Etiam bibendum fermentum', 'Sed auctor odio a purus. Duis elementum,', 109, '2012-04-30 08:52:06', '2012-05-15 04:17:11', '2012-06-23 01:59:56', 59),
(60, 'porttitor scelerisque neque.', 'Duis dignissim tempor arcu. Vestibulum', 431, '2012-12-17 21:41:30', '2011-09-22 13:20:09', '2011-10-27 12:16:27', 129),
(61, 'volutpat. Nulla facilisis. Suspendisse', 'at auctor ullamcorper, nisl arcu iaculis enim,', 644, '2011-08-25 14:15:02', '2013-03-18 20:14:55', '2013-07-03 22:31:06', 150),
(62, 'pellentesque massa lobortis', 'metus eu erat semper rutrum. Fusce dolor quam,', 438, '2011-12-08 13:08:12', '2013-01-15 06:51:47', '2012-12-25 05:26:20', 174),
(63, 'semper et,', 'nec, mollis vitae, posuere at, velit. Cras lorem lorem, luctus', 11, '2012-02-26 18:00:01', '2013-04-11 01:18:31', '2012-12-09 06:58:50', 163),
(64, 'sagittis augue,', 'dignissim tempor arcu. Vestibulum ut eros non enim commodo hendrerit.', 300, '2013-07-14 17:18:35', '2012-11-12 05:33:32', '2013-02-19 14:20:10', 115),
(65, 'ullamcorper eu, euismod ac,', 'Quisque ornare tortor at risus. Nunc ac sem ut dolor dapibus gravida. Aliquam tincidunt, nunc', 524, '2011-11-01 10:25:27', '2012-04-01 15:22:03', '2013-03-20 06:24:42', 78),
(66, 'ultrices a, auctor', 'mattis. Integer eu lacus. Quisque imperdiet, erat', 602, '2011-08-30 16:36:26', '2013-05-31 04:04:05', '2012-05-26 22:24:04', 182),
(67, 'eleifend nec, malesuada', 'porta elit, a feugiat tellus lorem eu metus. In lorem. Donec', 221, '2011-10-09 04:20:44', '2012-01-02 22:17:35', '2012-05-30 01:11:30', 8),
(68, 'Morbi quis urna.', 'semper auctor. Mauris vel turpis. Aliquam adipiscing lobortis risus.', 956, '2013-05-16 20:23:24', '2013-05-19 13:54:05', '2011-09-04 17:55:02', 78),
(69, 'tincidunt', 'nibh sit amet orci. Ut sagittis lobortis', 844, '2012-10-01 00:56:52', '2013-03-23 23:11:09', '2011-09-30 03:28:58', 105),
(70, 'consectetuer', 'arcu imperdiet ullamcorper. Duis at lacus. Quisque purus sapien, gravida', 628, '2012-04-09 15:09:10', '2013-06-26 07:53:33', '2012-01-27 06:18:17', 200),
(71, 'Nulla tempor', 'viverra. Donec tempus, lorem fringilla ornare placerat, orci', 994, '2012-10-10 22:55:27', '2012-12-13 12:09:55', '2011-12-06 21:05:00', 182),
(72, 'dapibus rutrum, justo.', 'congue a, aliquet vel, vulputate eu,', 380, '2013-03-27 18:49:43', '2013-02-10 09:39:10', '2011-09-15 14:24:12', 62),
(73, 'cursus.', 'cursus in, hendrerit consectetuer, cursus', 279, '2012-04-15 01:27:23', '2012-05-26 05:30:19', '2013-02-21 21:48:32', 196),
(74, 'adipiscing. Mauris molestie pharetra', 'sit amet lorem semper auctor. Mauris vel', 765, '2013-03-01 08:48:11', '2012-10-14 13:55:16', '2011-12-10 07:55:24', 20),
(75, 'at pede. Cras', 'mauris sit amet lorem semper auctor. Mauris vel turpis. Aliquam adipiscing lobortis risus.', 827, '2013-06-19 17:12:31', '2012-09-18 22:34:12', '2012-11-24 11:12:02', 86),
(76, 'in', 'Fusce mi lorem, vehicula et, rutrum eu, ultrices sit amet, risus.', 892, '2013-02-21 00:14:15', '2012-11-20 17:54:27', '2013-05-26 08:53:19', 123),
(77, 'convallis est,', 'vehicula et, rutrum eu, ultrices sit', 636, '2013-04-29 19:36:27', '2011-11-23 10:49:08', '2012-11-01 14:56:01', 107),
(78, 'pede sagittis augue, eu', 'a feugiat tellus lorem eu metus. In lorem. Donec elementum, lorem', 428, '2013-03-20 04:47:23', '2012-05-30 17:30:09', '2012-01-25 09:58:57', 178),
(79, 'Proin velit. Sed malesuada', 'et netus et malesuada fames ac', 594, '2012-02-23 05:13:32', '2012-06-13 04:58:18', '2013-07-07 12:28:49', 188),
(80, 'diam.', 'ullamcorper eu, euismod ac, fermentum vel, mauris. Integer sem elit, pharetra ut, pharetra', 510, '2011-11-17 01:17:43', '2013-07-26 19:47:19', '2013-02-23 10:12:41', 116),
(81, 'euismod est', 'sed tortor. Integer aliquam adipiscing lacus. Ut nec urna et arcu imperdiet ullamcorper.', 213, '2012-12-14 22:10:26', '2012-09-09 09:27:14', '2012-12-22 15:38:46', 140),
(82, 'dui augue eu', 'tristique aliquet. Phasellus fermentum convallis ligula.', 132, '2012-03-07 11:27:54', '2011-09-15 10:08:30', '2012-01-03 23:16:55', 159),
(83, 'Suspendisse non', 'nunc id enim. Curabitur massa. Vestibulum accumsan neque et nunc. Quisque', 779, '2013-03-29 07:16:23', '2012-11-10 20:57:39', '2012-03-21 17:10:29', 13),
(84, 'ligula eu enim. Etiam', 'libero. Proin mi. Aliquam gravida mauris ut mi. Duis risus', 656, '2012-05-19 09:17:51', '2012-07-19 21:57:43', '2012-12-22 19:41:22', 11),
(85, 'pede. Cras vulputate velit', 'bibendum fermentum metus. Aenean sed pede nec ante', 778, '2011-12-04 05:37:10', '2012-03-17 02:56:14', '2011-12-03 12:04:38', 175),
(86, 'Mauris', 'egestas a, scelerisque sed, sapien. Nunc pulvinar arcu et pede. Nunc', 174, '2013-06-14 21:29:39', '2013-01-18 22:03:37', '2013-03-11 12:27:55', 158),
(87, 'consectetuer adipiscing elit.', 'commodo at, libero. Morbi accumsan laoreet ipsum. Curabitur consequat,', 559, '2013-02-11 10:18:50', '2012-05-08 11:40:01', '2011-10-21 00:16:37', 108),
(88, 'egestas blandit. Nam', 'et magnis dis parturient montes, nascetur ridiculus mus. Proin vel', 775, '2013-02-21 10:55:54', '2012-03-26 18:10:02', '2013-02-06 21:38:12', 52),
(89, 'tellus non', 'erat neque non quam. Pellentesque habitant morbi tristique senectus et netus et malesuada fames', 547, '2012-01-12 13:51:53', '2013-02-25 00:58:48', '2012-02-22 19:53:17', 101),
(90, 'eu augue porttitor interdum.', 'ad litora torquent per conubia nostra, per inceptos', 116, '2013-06-21 22:13:03', '2011-12-17 16:55:37', '2012-10-08 05:55:33', 20),
(91, 'dignissim', 'orci. Ut semper pretium neque. Morbi quis', 393, '2013-05-10 10:38:31', '2013-01-20 08:40:45', '2013-07-22 01:41:42', 87),
(92, 'lorem vitae', 'lectus sit amet luctus vulputate, nisi sem', 31, '2013-06-28 05:03:27', '2012-11-10 16:03:44', '2012-05-30 18:50:44', 156),
(93, 'congue turpis.', 'Quisque ornare tortor at risus. Nunc ac sem ut dolor dapibus', 54, '2011-08-29 17:38:40', '2013-03-03 15:08:02', '2012-08-31 15:28:39', 82),
(94, 'vel', 'convallis convallis dolor. Quisque tincidunt pede ac urna. Ut tincidunt vehicula risus. Nulla eget metus', 293, '2013-05-15 05:54:08', '2011-12-26 23:53:53', '2013-04-12 20:23:50', 106),
(95, 'Nulla tempor augue', 'eu tempor erat neque non quam. Pellentesque habitant morbi tristique senectus et netus et malesuada', 456, '2012-04-29 06:10:16', '2011-10-31 11:36:47', '2012-05-30 06:39:04', 19),
(96, 'et, magna. Praesent interdum', 'eu, ligula. Aenean euismod mauris eu elit. Nulla facilisi.', 301, '2013-06-11 04:32:27', '2011-11-06 03:13:18', '2011-11-08 22:54:10', 167),
(97, 'mollis dui, in', 'egestas. Aliquam fringilla cursus purus. Nullam scelerisque neque sed sem egestas blandit. Nam nulla magna,', 697, '2013-05-25 13:45:25', '2012-09-05 04:03:31', '2012-01-26 03:17:05', 198),
(98, 'massa. Integer vitae', 'vel sapien imperdiet ornare. In faucibus. Morbi vehicula. Pellentesque tincidunt tempus risus.', 60, '2011-10-13 04:38:01', '2012-05-28 22:19:37', '2012-08-27 11:16:10', 152),
(99, 'Curae; Phasellus ornare.', 'Donec tempus, lorem fringilla ornare placerat, orci', 262, '2012-12-15 21:48:21', '2013-03-07 15:37:41', '2011-11-01 10:27:04', 98),
(100, 'libero', 'Phasellus at augue id ante dictum cursus. Nunc mauris elit, dictum eu,', 638, '2013-08-03 10:34:54', '2011-08-29 01:56:05', '2012-02-29 15:11:53', 27);

--
-- Dumping data for table `Users`
--

INSERT INTO `Users` (`id`, `email`, `firstName`, `lastName`, `createdAt`, `updatedAt`) VALUES
(7819, 'malesuada.ut.sem@lobortismaurisSuspendisse.com', 'Alea', 'Burch', '2011-10-30 08:37:44', '2012-02-03 14:26:51'),
(162400, 'tincidunt@vulputateveliteu.edu', 'Kendall', 'Holcomb', '2013-07-22 03:29:14', '2013-04-01 02:09:17'),
(233726, 'libero.dui@Nuncquisarcu.edu', 'Abraham', 'Bryant', '2013-01-21 02:40:45', '2012-01-29 19:31:29'),
(270442, 'eleifend.Cras.sed@massa.org', 'Jessamine', 'Barlow', '2013-07-29 08:22:09', '2013-05-06 05:37:36'),
(399296, 'velit.Cras.lorem@commodo.com', 'May', 'Tanner', '2011-11-05 02:57:24', '2011-10-03 01:07:11'),
(464602, 'magna.Phasellus@nequenon.org', 'Sandra', 'Flynn', '2013-08-07 03:06:46', '2012-01-05 05:53:10'),
(508120, 'enim@convallisconvallis.com', 'Kelsey', 'Lynch', '2012-04-24 08:04:07', '2011-12-20 06:53:58'),
(513173, 'primis@erat.org', 'Jorden', 'Russo', '2013-02-15 03:58:40', '2012-03-08 10:13:10'),
(531229, 'mollis.Phasellus@id.org', 'Tanek', 'Boone', '2011-12-08 11:01:58', '2012-02-15 15:20:40'),
(630600, 'tempus@euismodet.com', 'Grant', 'Rush', '2012-10-06 05:51:48', '2013-04-13 19:01:53'),
(684681, 'dolor.Fusce.mi@Pellentesque.ca', 'Jada', 'Eaton', '2013-03-08 11:58:31', '2011-09-14 10:20:03'),
(726842, 'a@ametconsectetueradipiscing.ca', 'Kendall', 'Griffin', '2012-02-06 18:43:45', '2012-12-17 11:48:52'),
(778013, 'dictum@non.org', 'Kieran', 'Greene', '2012-05-03 15:03:59', '2012-06-18 06:22:09'),
(794538, 'erat.volutpat.Nulla@Aliquam.com', 'Guinevere', 'Bender', '2012-08-08 16:31:51', '2012-09-25 12:23:35'),
(861187, 'adipiscing@Nullamvelit.edu', 'Dane', 'Ewing', '2012-10-24 09:08:02', '2011-12-15 22:07:29'),
(903452, 'orci.quis@Praesentinterdum.edu', 'Octavius', 'Henderson', '2011-10-28 08:25:11', '2012-03-22 00:16:44'),
(911110, 'ac.mattis.velit@egestas.ca', 'Aurora', 'Riley', '2012-12-27 10:46:47', '2012-08-13 01:19:06'),
(932493, 'tempor.erat@Sed.org', 'Barclay', 'Harvey', '2012-06-09 22:47:35', '2012-05-10 12:38:06'),
(933829, 'Ut@venenatisa.ca', 'Kennedy', 'Huff', '2012-08-07 02:18:42', '2012-01-26 12:29:28'),
(945130, 'per@sitamet.edu', 'Eliana', 'Heath', '2013-01-28 21:48:19', '2011-10-17 10:33:11'),
(1034858, 'neque.venenatis.lacus@ligulatortordictum.org', 'Derek', 'Price', '2012-01-04 13:32:40', '2011-11-10 15:52:59'),
(1084088, 'dignissim.lacus.Aliquam@auguemalesuada.com', 'Micah', 'Calderon', '2011-12-23 00:11:33', '2012-09-06 17:09:10'),
(1085263, 'odio@enimNunc.com', 'Ali', 'James', '2012-08-25 15:05:17', '2013-02-09 14:14:10'),
(1086896, 'Phasellus.dolor.elit@nequeNullam.edu', 'Amos', 'Carlson', '2012-06-27 11:57:36', '2013-01-21 02:12:40'),
(1156145, 'ipsum.sodales.purus@nibhPhasellusnulla.edu', 'Katell', 'Rosario', '2012-11-22 08:54:24', '2013-03-16 03:10:55'),
(1223376, 'ante.ipsum@Maurisut.ca', 'Harper', 'Crane', '2013-05-18 08:42:32', '2012-02-29 00:10:15'),
(1228900, 'ante.dictum@neceleifend.edu', 'Tyrone', 'Stokes', '2012-03-23 16:39:32', '2013-01-28 04:08:41'),
(1237285, 'justo.eu.arcu@eratneque.ca', 'Kalia', 'Short', '2012-10-18 10:44:20', '2012-01-14 07:37:03'),
(1306796, 'Praesent@eutellusPhasellus.com', 'Curran', 'Crane', '2012-08-04 14:17:28', '2011-11-23 06:45:27'),
(1413097, 'aliquam.eros@eu.org', 'Susan', 'Durham', '2012-05-23 07:03:09', '2012-07-29 16:26:26'),
(1521101, 'dignissim@nisimagna.com', 'Wallace', 'Mcdaniel', '2012-04-28 05:34:10', '2012-07-25 07:15:11'),
(1619875, 'turpis.nec@tempusnon.com', 'Reuben', 'Dawson', '2013-06-19 04:33:07', '2012-05-31 11:42:04'),
(1638326, 'ornare@arcuVestibulum.edu', 'Brittany', 'Harrison', '2012-02-25 16:44:24', '2012-07-05 12:10:02'),
(1721870, 'tristique.aliquet@ametmassaQuisque.com', 'Giselle', 'Tyler', '2012-07-23 09:59:56', '2012-07-07 16:29:01'),
(1765005, 'In.nec.orci@Fuscemollis.ca', 'Hu', 'Carpenter', '2011-12-14 23:21:55', '2012-11-15 20:39:52'),
(1768198, 'dui.nec@cursuspurus.edu', 'Christopher', 'Lambert', '2013-06-08 19:59:42', '2013-05-10 23:46:11'),
(1773172, 'sit.amet.risus@maurisipsumporta.com', 'Yuri', 'Valencia', '2013-06-12 14:17:07', '2011-12-18 16:47:20'),
(1823164, 'enim@ac.org', 'Nayda', 'Kirkland', '2012-09-22 10:14:19', '2012-03-30 20:24:58'),
(1837526, 'lacus.vestibulum@lacus.edu', 'Joy', 'Farrell', '2013-04-12 22:07:35', '2012-02-21 20:45:18'),
(1892155, 'Mauris.eu@nonluctussit.ca', 'Samantha', 'Scott', '2012-09-21 21:27:01', '2013-06-05 20:37:42'),
(1892649, 'Cras.eu@scelerisque.org', 'Danielle', 'Horne', '2011-10-03 05:05:26', '2012-06-02 00:53:51'),
(1929148, 'a.odio.semper@tinciduntadipiscing.com', 'Hiram', 'Rivers', '2013-01-29 23:15:27', '2013-06-17 14:53:07'),
(2085448, 'a.auctor.non@mollisduiin.ca', 'Isabella', 'Simmons', '2013-01-22 10:34:04', '2012-10-06 21:00:06'),
(2125334, 'dolor.Donec.fringilla@porttitor.edu', 'Rashad', 'Velez', '2012-05-22 00:53:42', '2012-06-20 08:10:58'),
(2140738, 'ullamcorper@nibhdolornonummy.com', 'Odette', 'Battle', '2011-11-18 10:40:21', '2011-11-09 06:10:38'),
(2167149, 'enim.sit.amet@vitae.edu', 'Guy', 'Henry', '2013-08-05 01:18:34', '2012-08-24 03:07:51'),
(2206035, 'Suspendisse@sedleoCras.ca', 'Garrison', 'Miles', '2013-06-02 14:13:50', '2012-02-17 19:37:18'),
(2218681, 'Phasellus.at@Proin.org', 'Gabriel', 'Keith', '2012-06-02 21:51:16', '2013-01-10 10:17:34'),
(2273431, 'nec@Curabitursed.edu', 'Hanae', 'Howell', '2013-05-04 03:22:04', '2012-07-01 16:52:02'),
(2351522, 'vulputate.ullamcorper.magna@sagittis.org', 'Bruce', 'Saunders', '2012-02-25 22:23:24', '2012-04-04 06:07:02'),
(2451460, 'natoque.penatibus.et@utquamvel.edu', 'Teegan', 'Dalton', '2013-04-02 03:07:29', '2012-10-20 11:49:40'),
(2499778, 'elit.Nulla.facilisi@semperauctorMauris.com', 'Raven', 'Castaneda', '2011-08-20 18:27:51', '2013-05-17 15:29:50'),
(2560818, 'in.consequat.enim@egetodioAliquam.org', 'Xaviera', 'Smith', '2012-03-31 03:06:05', '2013-02-16 12:17:51'),
(2581102, 'primis.in.faucibus@atlibero.ca', 'Rhoda', 'Mathews', '2012-07-13 07:09:53', '2012-06-22 13:21:16'),
(2610574, 'mi.pede@lorem.ca', 'Renee', 'Houston', '2012-05-19 04:28:10', '2012-04-02 02:01:15'),
(2642245, 'sit@iaculisodio.edu', 'Cain', 'Matthews', '2013-05-03 22:34:54', '2012-05-31 22:54:16'),
(2649122, 'vulputate.dui@tellus.ca', 'Quamar', 'Blevins', '2012-11-12 04:05:05', '2012-02-27 18:45:34'),
(2655439, 'dolor@hendreritDonecporttitor.org', 'Herrod', 'Vance', '2013-02-10 12:18:48', '2012-03-25 13:12:07'),
(2659238, 'lacus.vestibulum.lorem@morbitristiquesenectus.org', 'Wyoming', 'Fitzpatrick', '2013-06-25 01:09:30', '2013-01-30 10:28:58'),
(2754095, 'eu.dolor.egestas@liberoProinmi.edu', 'Clare', 'Copeland', '2013-03-07 15:26:44', '2012-09-26 19:41:21'),
(2792331, 'auctor.odio.a@orci.org', 'Haviva', 'Murphy', '2012-08-22 21:18:21', '2013-04-21 16:13:56'),
(3013847, 'eu@mattis.ca', 'Harding', 'Wiley', '2013-04-17 17:50:58', '2012-06-06 19:42:23'),
(3098341, 'auctor@eratVivamusnisi.edu', 'Francis', 'Mills', '2012-10-17 12:31:56', '2013-04-23 21:43:59'),
(3111992, 'magna.Duis.dignissim@elit.com', 'Bethany', 'Fernandez', '2012-10-16 20:30:30', '2012-08-07 08:40:05'),
(3114295, 'arcu.et.pede@aliquetsem.com', 'Travis', 'Gibbs', '2012-05-14 22:37:49', '2013-02-28 15:00:42'),
(3131286, 'vestibulum.nec.euismod@Maecenasliberoest.org', 'Kay', 'Stuart', '2011-12-22 04:17:56', '2012-06-02 21:15:28'),
(3134320, 'convallis@parturient.edu', 'Robert', 'Miranda', '2012-02-28 13:50:10', '2012-12-04 13:33:13'),
(3146989, 'facilisis.lorem@Etiam.edu', 'Britanney', 'Little', '2011-12-11 00:44:45', '2013-06-22 04:29:27'),
(3313717, 'ullamcorper.magna.Sed@lacusQuisque.com', 'Cedric', 'Perkins', '2012-01-16 18:53:48', '2013-01-05 08:52:06'),
(3346202, 'sed.pede@Sedet.com', 'Brittany', 'Andrews', '2012-07-18 14:08:00', '2011-10-01 01:12:01'),
(3351170, 'Nullam@tortorNunc.com', 'Tobias', 'Dillard', '2011-10-01 13:43:26', '2013-07-25 11:16:37'),
(3373091, 'sodales.nisi.magna@orci.org', 'Pandora', 'Galloway', '2011-10-23 18:33:55', '2012-10-17 00:48:05'),
(3388277, 'penatibus.et@elit.org', 'Ishmael', 'Olson', '2012-09-15 16:02:55', '2013-02-10 12:58:37'),
(3454245, 'non.hendrerit.id@a.org', 'Barclay', 'Ochoa', '2012-11-25 12:04:33', '2012-08-08 11:07:04'),
(3483816, 'malesuada.vel@consectetueradipiscingelit.edu', 'Felicia', 'Schmidt', '2012-06-02 01:42:17', '2012-10-30 02:23:05'),
(3543953, 'volutpat.Nulla.facilisis@ametultricies.org', 'Aaron', 'Holmes', '2011-09-26 17:37:45', '2012-11-08 12:57:12'),
(3615688, 'Cras@pedeCrasvulputate.ca', 'Kyle', 'Figueroa', '2013-07-25 16:33:22', '2012-05-19 01:41:12'),
(3687683, 'a@metusurna.org', 'Zachary', 'Conner', '2013-05-18 14:18:12', '2013-05-08 21:46:32'),
(3688428, 'arcu@magnaSed.com', 'Shaine', 'Dotson', '2011-09-23 09:45:04', '2013-04-23 20:43:18'),
(3753208, 'euismod@acmetusvitae.edu', 'Magee', 'Montoya', '2013-02-07 10:44:29', '2012-09-16 13:09:20'),
(3811252, 'egestas.a@magna.ca', 'Haley', 'Pickett', '2011-11-06 14:40:57', '2012-10-13 07:53:48'),
(3854790, 'at@estacmattis.org', 'Sierra', 'Harper', '2013-03-07 23:41:15', '2012-12-28 03:31:40'),
(3931380, 'blandit@arcuVestibulum.com', 'Isaiah', 'Wilson', '2011-11-27 05:02:13', '2012-11-29 12:05:47'),
(3971091, 'luctus.ut.pellentesque@lectus.org', 'Acton', 'Lopez', '2012-02-28 09:31:22', '2012-06-09 01:42:17'),
(3989392, 'pellentesque.tellus@Sed.ca', 'Quinlan', 'Bender', '2011-09-16 00:08:23', '2012-01-08 12:08:12'),
(4103083, 'dui@magnaa.com', 'Timon', 'Cummings', '2012-05-04 22:52:26', '2012-07-12 17:20:30'),
(4152335, 'turpis@nonquam.ca', 'Kylie', 'Gilmore', '2012-03-12 14:20:32', '2012-02-26 02:45:32'),
(4315536, 'mi.tempor@consectetuer.edu', 'Warren', 'Mcfarland', '2013-02-09 21:48:04', '2012-03-21 16:30:49'),
(4428359, 'ac.facilisis.facilisis@sapien.com', 'Martha', 'Cortez', '2012-10-03 17:06:00', '2012-02-04 09:23:31'),
(4432817, 'augue@ut.edu', 'Dieter', 'Hanson', '2012-04-24 21:02:41', '2012-11-27 07:19:22'),
(4433229, 'adipiscing@aliquetlobortis.org', 'Nissim', 'Cook', '2013-06-17 09:18:05', '2011-10-25 18:50:29'),
(4453713, 'tincidunt@hendreritDonec.org', 'Rashad', 'Stephenson', '2011-12-04 23:57:51', '2012-02-03 04:16:14'),
(4494224, 'odio.tristique.pharetra@consectetueradipiscing.com', 'Bianca', 'Gilbert', '2011-11-29 11:04:47', '2012-07-30 06:41:28'),
(4500089, 'sit.amet.dapibus@eu.edu', 'Ignacia', 'Melendez', '2013-05-30 09:19:15', '2013-04-06 18:36:35'),
(4536365, 'lorem.eu@laoreetipsum.ca', 'Candice', 'Mckenzie', '2012-09-22 07:13:41', '2012-11-10 15:05:05'),
(4695556, 'eros.Proin.ultrices@a.ca', 'Joy', 'Sutton', '2012-09-15 08:30:40', '2013-02-21 11:09:53'),
(4743909, 'a.aliquet@velarcuCurabitur.com', 'Dustin', 'Branch', '2012-05-14 02:57:11', '2012-03-28 15:59:24'),
(4804902, 'dignissim.Maecenas@nequevitaesemper.com', 'Xavier', 'Decker', '2011-11-29 22:41:59', '2011-12-27 20:36:38'),
(4848600, 'iaculis.enim.sit@arcueuodio.ca', 'Alexis', 'Mccall', '2011-11-11 17:00:56', '2013-01-31 08:31:31'),
(4873733, 'malesuada@natoquepenatibuset.com', 'Winter', 'Jackson', '2011-11-13 03:39:17', '2012-08-18 11:50:57'),
(4890432, 'porttitor.tellus@Proinsed.ca', 'Wallace', 'Morin', '2011-09-05 12:46:35', '2012-07-19 17:53:33'),
(4894377, 'aliquet.Proin.velit@Aliquamfringillacursus.org', 'Amity', 'Dudley', '2013-03-20 08:18:58', '2012-10-26 21:51:43'),
(4978843, 'eu.eros.Nam@est.org', 'Lila', 'Guy', '2013-08-01 02:52:00', '2013-08-17 09:23:54'),
(4979031, 'vehicula.Pellentesque.tincidunt@gravidanunc.ca', 'Diana', 'Brooks', '2013-08-08 08:52:33', '2012-02-10 14:55:53'),
(5031574, 'tristique.aliquet@fringillaDonecfeugiat.com', 'Belle', 'Goff', '2012-05-18 02:21:04', '2013-05-20 16:58:25'),
(5050870, 'Nam.ligula@pellentesque.com', 'Hillary', 'Robles', '2013-01-24 12:47:47', '2012-03-31 03:15:20'),
(5068494, 'montes@ametloremsemper.ca', 'Brianna', 'Guerrero', '2012-03-16 01:24:41', '2012-02-27 12:40:20'),
(5087288, 'orci.consectetuer.euismod@ipsum.org', 'Nevada', 'Hensley', '2012-06-03 10:22:40', '2012-02-05 18:52:55'),
(5191581, 'urna.justo.faucibus@mauris.ca', 'Noel', 'Kirk', '2012-04-08 13:08:35', '2012-09-04 00:58:56'),
(5223930, 'faucibus@Aeneangravida.ca', 'Lacota', 'Mcclure', '2012-08-30 10:18:07', '2012-12-21 23:02:41'),
(5231292, 'orci.Donec.nibh@dapibusrutrumjusto.edu', 'Haley', 'Fletcher', '2013-03-02 18:29:40', '2012-07-02 06:37:07'),
(5295272, 'mi.eleifend@montesnascetur.com', 'Colorado', 'Davis', '2012-06-14 22:14:29', '2012-08-19 13:21:48'),
(5320463, 'at@molestie.ca', 'Keaton', 'Parks', '2012-11-14 11:08:45', '2013-06-03 22:41:48'),
(5350648, 'pede@sempertellus.com', 'Alika', 'Gordon', '2013-06-11 07:48:39', '2013-07-27 01:18:03'),
(5416712, 'nisl.sem@dui.com', 'Halla', 'French', '2012-12-25 09:15:14', '2013-02-09 19:06:29'),
(5474237, 'sed.facilisis@variusultricesmauris.com', 'Lucius', 'Brooks', '2012-05-04 17:31:09', '2013-04-16 22:14:33'),
(5518355, 'libero.Integer.in@hendreritneque.edu', 'Natalie', 'Rasmussen', '2011-11-28 20:17:42', '2012-06-06 17:55:51'),
(5536399, 'sit.amet.consectetuer@fermentumconvallisligula.org', 'Jamal', 'Bush', '2012-01-30 18:17:29', '2013-01-27 18:48:18'),
(5582908, 'magna@Duis.edu', 'Alea', 'Figueroa', '2012-07-25 09:08:52', '2011-12-30 21:44:16'),
(5733301, 'fames.ac.turpis@condimentumDonec.edu', 'Macy', 'Odonnell', '2013-02-09 14:15:07', '2012-08-04 20:51:06'),
(5756522, 'Vivamus.rhoncus.Donec@mattisInteger.edu', 'Rama', 'Workman', '2012-12-01 20:53:39', '2012-10-26 00:29:00'),
(5773425, 'volutpat@velarcu.ca', 'Nathaniel', 'Schneider', '2013-02-03 09:16:22', '2012-03-13 21:41:42'),
(5845013, 'lacinia.mattis.Integer@felis.ca', 'Helen', 'Reed', '2011-08-21 22:45:00', '2012-05-02 05:29:02'),
(5901845, 'non.magna@aliquam.org', 'Joshua', 'Burton', '2012-06-01 02:14:25', '2011-10-08 23:33:50'),
(5905892, 'Nulla.interdum.Curabitur@Curabitur.edu', 'Basil', 'Chapman', '2013-06-20 20:42:39', '2011-12-24 12:35:39'),
(5926883, 'Integer@aliquet.com', 'Burke', 'Woodward', '2012-04-08 15:57:14', '2013-02-15 19:47:50'),
(5951440, 'consectetuer.adipiscing@dolortempus.com', 'Tasha', 'Mason', '2011-09-28 04:04:37', '2012-03-30 23:54:17'),
(6075443, 'sagittis@Nullatempor.edu', 'Dylan', 'Guerra', '2013-08-18 22:59:23', '2012-01-21 10:12:22'),
(6090558, 'congue.elit.sed@nuncinterdumfeugiat.edu', 'Zena', 'Wright', '2011-09-09 18:27:39', '2012-07-28 02:00:29'),
(6096696, 'parturient.montes@diamloremauctor.com', 'Kay', 'Simon', '2012-09-25 03:30:25', '2012-02-27 23:49:09'),
(6131648, 'eget@nunc.org', 'Beverly', 'Estes', '2012-09-25 15:47:48', '2012-03-28 01:22:34'),
(6131778, 'Proin.velit.Sed@Nunclectuspede.edu', 'Merrill', 'Haynes', '2012-03-01 22:46:02', '2011-09-21 17:50:28'),
(6137786, 'nec@Duis.org', 'Austin', 'Cline', '2013-03-08 05:38:14', '2012-07-16 09:10:31'),
(6182607, 'in.faucibus@Maurisut.org', 'Plato', 'Castro', '2013-03-23 17:45:22', '2012-01-20 18:35:36'),
(6235374, 'non@pretiumetrutrum.ca', 'Zelda', 'Burnett', '2013-05-29 03:16:37', '2011-08-20 04:26:34'),
(6344717, 'Aliquam@dapibus.com', 'Jemima', 'Chase', '2013-01-22 17:24:59', '2013-08-09 17:35:44'),
(6426817, 'quam.dignissim.pharetra@tristiquealiquetPhasellus.ca', 'Ashton', 'Farmer', '2012-10-22 18:47:00', '2012-02-03 00:39:48'),
(6584262, 'lacinia.Sed@libero.com', 'Hyatt', 'Bright', '2012-02-23 01:49:14', '2013-07-26 13:13:16'),
(6589353, 'ipsum@ipsumportaelit.com', 'Mary', 'Nicholson', '2011-10-17 01:19:39', '2011-11-17 11:25:56'),
(6622206, 'mollis.Integer.tincidunt@perconubia.edu', 'Alea', 'Craft', '2013-01-28 16:46:53', '2013-03-12 15:09:54'),
(6685705, 'nibh.Phasellus.nulla@Integersem.ca', 'Ursa', 'Oneal', '2013-05-20 01:06:38', '2012-01-09 01:25:18'),
(6739864, 'posuere@neccursus.com', 'Lamar', 'Owen', '2012-08-24 15:27:19', '2012-02-26 10:36:48'),
(6745254, 'erat.Vivamus@magnaUt.org', 'Shad', 'Murphy', '2012-01-11 12:20:15', '2012-09-15 22:08:48'),
(6807705, 'tincidunt@orci.org', 'Claudia', 'Weiss', '2013-06-07 01:50:55', '2013-07-20 05:50:32'),
(6931281, 'Curabitur.sed@Phasellusornare.ca', 'Carissa', 'Matthews', '2013-08-16 19:59:23', '2013-01-10 09:02:20'),
(7025998, 'sit.amet@Nuncullamcorpervelit.edu', 'Ora', 'White', '2011-10-30 03:55:32', '2013-04-23 15:20:04'),
(7035055, 'Integer.urna.Vivamus@ornarelectus.edu', 'Gregory', 'Hale', '2013-07-18 08:24:05', '2012-08-28 14:00:21'),
(7044834, 'magna.Ut.tincidunt@Fusce.org', 'Eric', 'Jacobson', '2012-12-02 21:06:44', '2013-02-27 13:16:56'),
(7100513, 'Nunc.sollicitudin@aliquet.org', 'Vivien', 'Suarez', '2013-06-24 12:55:48', '2013-04-06 15:25:48'),
(7132282, 'tincidunt.orci.quis@interdum.org', 'Genevieve', 'Frederick', '2012-06-29 15:03:41', '2012-06-02 13:04:34'),
(7145718, 'interdum.Nunc@loremutaliquam.org', 'Christine', 'Mason', '2012-10-26 08:37:56', '2013-05-24 23:01:50'),
(7273018, 'ligula.eu.enim@commodo.org', 'Sierra', 'Mcdonald', '2013-08-18 11:37:15', '2013-04-28 22:20:40'),
(7295679, 'feugiat@Donecdignissim.org', 'Lev', 'Walters', '2012-02-06 22:55:18', '2011-12-13 19:08:59'),
(7304845, 'velit@auguemalesuadamalesuada.org', 'Nelle', 'Trevino', '2013-01-13 19:07:20', '2012-01-18 20:00:34'),
(7400207, 'libero.Donec.consectetuer@amet.com', 'Carter', 'Hughes', '2012-12-29 20:14:56', '2011-09-22 20:49:54'),
(7489613, 'euismod.enim@aceleifendvitae.org', 'Fay', 'Marks', '2013-07-01 17:17:51', '2011-11-28 04:16:46'),
(7552757, 'interdum@aliquet.edu', 'Robin', 'Haynes', '2013-01-26 15:06:34', '2013-03-26 19:51:17'),
(7664581, 'massa@Fuscemilorem.ca', 'Brennan', 'Atkins', '2012-07-29 05:57:13', '2013-03-10 01:37:46'),
(7741453, 'dolor.Fusce@ut.edu', 'Xena', 'Larson', '2011-10-22 09:28:28', '2012-03-17 04:00:08'),
(7821946, 'quis.urna@vellectus.edu', 'Alfreda', 'Lane', '2012-08-03 06:38:31', '2013-02-02 10:48:10'),
(7834204, 'iaculis@tempor.edu', 'Clarke', 'Hendrix', '2013-04-12 18:27:02', '2012-02-08 19:02:31'),
(7851459, 'vehicula.aliquet.libero@vitae.com', 'Ferris', 'Brooks', '2013-07-16 18:06:55', '2012-12-24 09:38:31'),
(7870875, 'eu@pedesagittis.ca', 'Caesar', 'Beard', '2011-12-20 11:02:55', '2011-12-31 10:43:44'),
(7909246, 'dolor.egestas.rhoncus@eget.org', 'Odessa', 'Bright', '2012-11-01 01:56:40', '2012-02-05 22:07:30'),
(8115853, 'Morbi.accumsan.laoreet@risusInmi.com', 'Flynn', 'Reynolds', '2013-06-30 08:45:26', '2012-01-12 22:59:18'),
(8153782, 'ultrices.Duis.volutpat@VivamusnisiMauris.edu', 'Samuel', 'Hill', '2012-04-03 05:05:02', '2012-04-26 16:30:57'),
(8175711, 'euismod@liberomaurisaliquam.ca', 'Macey', 'Bradley', '2013-06-07 15:20:55', '2012-11-19 11:02:33'),
(8271418, 'enim.nisl.elementum@varius.ca', 'Lars', 'Zimmerman', '2013-07-08 06:59:37', '2011-10-13 22:05:34'),
(8322048, 'nec.diam.Duis@interdumSedauctor.org', 'Olivia', 'Floyd', '2013-02-15 15:04:51', '2012-07-03 03:26:35'),
(8382838, 'a.aliquet.vel@elementumduiquis.org', 'Alexa', 'Bright', '2013-03-30 09:37:45', '2012-08-15 07:04:32'),
(8413929, 'amet.consectetuer@lectus.edu', 'Sydnee', 'Christian', '2013-02-19 16:17:10', '2013-05-09 07:42:04'),
(8429705, 'sociis.natoque.penatibus@sit.ca', 'Kiona', 'French', '2013-06-24 12:51:16', '2013-05-22 21:18:03'),
(8889655, 'adipiscing@variuset.org', 'Karen', 'Meyer', '2011-11-18 19:57:37', '2012-09-30 18:56:06'),
(8896746, 'a@nequeet.com', 'Rebecca', 'Greer', '2011-09-04 22:47:31', '2012-06-12 21:16:37'),
(8913056, 'vel@euturpisNulla.org', 'Len', 'Lowery', '2011-10-20 00:19:37', '2012-12-11 19:02:57'),
(8971451, 'ante.dictum.cursus@Maurisvelturpis.org', 'Jayme', 'Hess', '2013-01-28 08:19:34', '2013-03-05 07:55:32'),
(8974981, 'aliquam.eu@sapienmolestie.ca', 'Yvette', 'Cooley', '2013-01-25 23:46:10', '2011-10-27 11:27:04'),
(9088520, 'ipsum.porta.elit@sagittisfelisDonec.com', 'Lilah', 'Fox', '2013-07-29 17:47:42', '2012-07-18 02:30:31'),
(9113299, 'nunc.Quisque@Morbimetus.org', 'Jennifer', 'Roth', '2012-09-24 18:56:52', '2013-02-23 09:20:26'),
(9146616, 'enim@Morbinonsapien.org', 'Mia', 'Riley', '2013-05-18 09:01:19', '2012-12-23 12:43:26'),
(9155235, 'volutpat@mollisvitae.com', 'Alexander', 'Robbins', '2012-11-18 21:06:26', '2012-07-02 16:22:33'),
(9155694, 'ipsum.leo.elementum@nec.edu', 'Igor', 'Buck', '2013-05-30 22:49:54', '2013-05-02 22:43:57'),
(9210617, 'Nunc@ornarelibero.edu', 'Alvin', 'Curry', '2011-08-30 09:21:57', '2011-09-12 11:10:22'),
(9259577, 'vehicula@idenimCurabitur.ca', 'Lance', 'Mckinney', '2012-12-12 02:51:53', '2012-06-04 02:13:57'),
(9292691, 'ac.mi@felis.org', 'Hope', 'Stanley', '2012-05-13 09:35:44', '2012-03-19 14:16:36'),
(9312257, 'nunc.id.enim@Nuncmauriselit.edu', 'Dora', 'Cote', '2013-02-07 00:14:40', '2012-12-09 00:00:54'),
(9338417, 'eget@idmollis.edu', 'Clinton', 'Jenkins', '2012-03-15 00:03:02', '2012-05-16 04:01:44'),
(9346055, 'lorem@sagittisplacerat.ca', 'Madeson', 'Mosley', '2012-01-13 14:40:40', '2013-03-26 11:44:32'),
(9402816, 'neque@velconvallis.org', 'Ryan', 'Delacruz', '2012-01-25 21:56:45', '2013-05-20 04:02:31'),
(9422734, 'in.lobortis.tellus@magnaSedeu.org', 'Kennedy', 'Merrill', '2011-10-23 13:54:57', '2011-10-23 19:59:13'),
(9434559, 'consequat.auctor@loremutaliquam.org', 'Conan', 'Becker', '2012-12-07 08:56:26', '2012-11-08 07:30:09'),
(9464192, 'est.ac@gravidaPraesent.edu', 'Nelle', 'Galloway', '2011-08-24 01:18:08', '2012-12-12 06:10:38'),
(9498218, 'porttitor.vulputate.posuere@Proinnislsem.org', 'Sydney', 'Knapp', '2012-10-06 02:23:21', '2013-03-24 11:16:56'),
(9579437, 'in@id.org', 'Germane', 'Nunez', '2011-09-09 02:34:20', '2012-08-14 10:16:21'),
(9596507, 'accumsan.convallis.ante@nibh.edu', 'Libby', 'Mckee', '2011-11-22 07:48:00', '2012-09-02 07:21:03'),
(9631292, 'at@nonummyacfeugiat.edu', 'Signe', 'Barr', '2012-02-19 11:50:49', '2013-04-29 17:32:10'),
(9846219, 'diam@ipsumdolor.com', 'Zelda', 'Parks', '2012-08-01 19:10:25', '2012-03-30 11:13:30'),
(9907457, 'Proin.vel.arcu@Quisqueimperdieterat.ca', 'Guy', 'Underwood', '2013-02-27 16:51:46', '2013-02-08 14:44:57'),
(9918974, 'cursus.et.magna@Pellentesquehabitant.ca', 'Paloma', 'Boyd', '2012-06-30 17:50:32', '2013-02-28 18:28:53'),
(9997426, 'ante.lectus@eunulla.edu', 'Veronica', 'Bush', '2013-04-01 00:14:34', '2011-09-01 13:11:14');

