-- phpMyAdmin SQL Dump
-- version 3.4.10.1deb1
-- http://www.phpmyadmin.net
--
-- Host: localhost
-- Generation Time: Aug 20, 2012 at 03:02 PM
-- Server version: 5.5.24
-- PHP Version: 5.3.10-1ubuntu3.2

SET SQL_MODE="NO_AUTO_VALUE_ON_ZERO";
SET time_zone = "+00:00";


/*!40101 SET @OLD_CHARACTER_SET_CLIENT=@@CHARACTER_SET_CLIENT */;
/*!40101 SET @OLD_CHARACTER_SET_RESULTS=@@CHARACTER_SET_RESULTS */;
/*!40101 SET @OLD_COLLATION_CONNECTION=@@COLLATION_CONNECTION */;
/*!40101 SET NAMES utf8 */;

--
-- Database: `socialmoneyjs`
--

--
-- Dumping data for table `SubTransactions`
--

INSERT INTO `SubTransactions` (`id`, `amount`, `accepted`, `createdAt`, `updatedAt`, `PayerId`, `BorrowerId`, `TransactionId`) VALUES
(1, 2584, 0, '2013-07-09 11:56:36', '2013-04-18 05:56:56', 59, 107, 56),
(2, 5448, 0, '2012-05-19 21:30:48', '2013-04-08 19:06:36', 138, 28, 11),
(3, 5250, 0, '2013-08-05 19:19:45', '2013-01-28 03:14:02', 198, 32, 97),
(4, 7330, 0, '2013-01-19 07:38:14', '2013-08-11 21:58:27', 117, 103, 9),
(5, 9713, 0, '2012-12-15 20:59:47', '2013-02-26 02:30:35', 133, 25, 48),
(6, 6661, 0, '2013-08-12 07:58:24', '2012-10-16 06:12:27', 121, 124, 18),
(7, 659, 1, '2011-09-28 08:25:26', '2012-11-25 18:34:39', 176, 78, 41),
(8, 7328, 1, '2012-07-31 03:50:09', '2011-09-25 12:51:19', 75, 19, 7),
(9, 8012, 1, '2013-04-16 23:58:45', '2012-03-19 17:31:26', 178, 92, 78),
(10, 4141, 0, '2012-09-18 09:20:59', '2011-12-13 18:37:44', 182, 193, 71),
(11, 8900, 1, '2011-11-15 08:01:08', '2011-09-04 11:45:38', 179, 127, 6),
(12, 5855, 0, '2011-09-12 09:50:45', '2011-12-20 20:00:49', 156, 148, 92),
(13, 7257, 1, '2013-08-17 10:32:14', '2011-12-10 23:56:36', 160, 180, 20),
(14, 1976, 1, '2011-11-15 02:21:27', '2012-03-06 02:48:17', 196, 180, 73),
(15, 1923, 1, '2012-09-25 02:49:21', '2013-04-29 13:34:25', 77, 128, 16),
(16, 1228, 0, '2013-06-15 21:46:00', '2011-11-05 02:32:16', 21, 186, 2),
(17, 437, 1, '2013-04-17 00:37:29', '2012-09-21 09:00:24', 43, 32, 45),
(18, 9977, 1, '2011-12-13 22:49:57', '2012-02-09 00:16:05', 133, 110, 48),
(19, 6598, 0, '2012-08-14 06:17:22', '2012-10-27 02:50:17', 121, 90, 18),
(20, 4722, 1, '2012-01-20 15:47:17', '2012-08-31 08:56:27', 45, 120, 55),
(21, 5335, 1, '2011-08-25 16:58:35', '2012-04-10 15:27:27', 165, 176, 43),
(22, 3924, 0, '2011-10-15 10:51:57', '2012-03-24 17:44:45', 106, 147, 94),
(23, 4879, 1, '2013-03-05 17:45:33', '2012-09-20 09:41:05', 106, 87, 94),
(24, 2002, 0, '2011-10-30 13:25:50', '2013-05-16 19:45:32', 152, 190, 98),
(25, 1578, 1, '2012-10-18 22:29:58', '2012-01-09 05:54:43', 179, 88, 6),
(26, 4295, 1, '2013-05-29 10:01:53', '2013-03-07 14:39:23', 57, 48, 51),
(27, 2423, 1, '2013-05-26 20:19:31', '2012-06-23 08:41:44', 78, 97, 65),
(28, 7189, 1, '2013-04-28 17:46:43', '2013-01-24 10:24:30', 150, 39, 61),
(29, 5810, 1, '2012-11-28 04:03:24', '2012-10-02 15:21:43', 160, 67, 12),
(30, 3207, 1, '2012-09-24 19:57:16', '2012-04-19 02:38:29', 133, 200, 48),
(31, 5230, 0, '2012-05-26 21:45:43', '2013-04-21 02:56:40', 129, 156, 60),
(32, 1389, 0, '2012-01-20 01:51:16', '2013-02-12 04:26:26', 43, 168, 45),
(33, 150, 0, '2012-07-01 21:18:58', '2011-09-24 00:48:35', 92, 62, 57),
(34, 8628, 0, '2013-04-07 07:10:49', '2012-03-23 06:39:11', 104, 103, 23),
(35, 449, 0, '2012-02-17 12:28:30', '2012-07-13 18:30:40', 165, 87, 43),
(36, 199, 1, '2013-01-20 01:19:48', '2012-12-08 16:26:16', 86, 113, 75),
(37, 4345, 0, '2013-02-18 19:56:23', '2012-05-06 11:27:22', 108, 104, 87),
(38, 5027, 1, '2013-07-13 08:15:35', '2011-09-08 05:46:26', 81, 3, 50),
(39, 5147, 0, '2012-06-04 02:44:25', '2013-06-28 05:23:43', 182, 146, 34),
(40, 1412, 1, '2013-07-27 05:58:03', '2012-08-01 04:26:13', 138, 116, 11),
(41, 5858, 1, '2012-03-18 11:24:08', '2012-12-14 09:40:59', 179, 99, 6),
(42, 6234, 1, '2011-10-03 22:15:10', '2012-03-11 23:57:09', 4, 116, 8),
(43, 5542, 0, '2012-11-21 16:21:55', '2011-08-25 02:18:40', 41, 93, 54),
(44, 252, 1, '2012-04-01 15:04:25', '2012-03-24 13:22:55', 152, 20, 98),
(45, 6872, 1, '2013-03-10 20:58:26', '2011-10-01 10:44:30', 182, 54, 34),
(46, 3348, 0, '2013-01-15 16:38:10', '2012-05-24 08:47:10', 98, 140, 99),
(47, 350, 0, '2012-09-06 08:55:13', '2012-06-06 18:25:35', 178, 47, 78),
(48, 6606, 1, '2012-06-26 23:00:33', '2012-08-13 02:50:14', 174, 93, 44),
(49, 3605, 0, '2013-07-01 07:28:38', '2013-08-05 15:39:06', 133, 105, 48),
(50, 9835, 1, '2012-12-15 20:44:39', '2013-01-18 23:02:30', 78, 35, 65),
(51, 4168, 1, '2011-11-07 19:37:35', '2012-11-27 19:54:34', 148, 84, 13),
(52, 5929, 1, '2011-11-28 22:38:58', '2012-02-22 14:07:53', 43, 105, 45),
(53, 5173, 1, '2012-08-28 15:41:17', '2012-01-04 04:43:37', 116, 25, 80),
(54, 5072, 1, '2013-01-22 09:57:11', '2012-05-15 06:15:28', 181, 159, 25),
(55, 843, 0, '2013-03-22 03:46:40', '2013-04-20 16:16:36', 78, 107, 68),
(56, 7482, 1, '2012-09-27 05:45:50', '2012-11-05 13:40:12', 200, 39, 70),
(57, 8648, 1, '2012-04-25 09:36:15', '2013-07-01 22:48:57', 81, 24, 3),
(58, 6799, 1, '2012-05-06 03:48:09', '2011-09-12 12:21:12', 112, 43, 24),
(59, 2243, 1, '2013-04-03 23:11:42', '2011-12-04 13:04:08', 158, 192, 86),
(60, 5847, 0, '2012-02-02 16:15:46', '2013-07-01 13:24:46', 14, 47, 26),
(61, 8893, 0, '2012-03-02 17:30:46', '2013-01-27 22:58:44', 158, 32, 86),
(62, 855, 1, '2013-05-04 02:55:32', '2013-07-01 16:31:47', 9, 62, 10),
(63, 623, 0, '2013-01-25 00:47:35', '2012-08-11 16:50:51', 124, 124, 30),
(64, 7289, 0, '2012-09-23 10:07:53', '2013-01-18 05:35:56', 57, 101, 51),
(65, 2363, 1, '2012-08-07 04:28:16', '2012-03-30 20:26:35', 105, 6, 69),
(66, 923, 1, '2011-08-30 08:41:59', '2012-11-17 09:51:16', 175, 147, 85),
(67, 4061, 1, '2011-11-15 08:25:21', '2011-11-17 10:56:54', 178, 164, 78),
(68, 153, 1, '2013-06-21 13:07:13', '2013-07-31 00:59:59', 37, 78, 21),
(69, 7823, 0, '2013-08-05 20:45:31', '2012-01-05 02:18:42', 75, 98, 7),
(70, 6717, 0, '2013-07-26 10:49:58', '2012-04-24 19:17:22', 196, 135, 73),
(71, 8669, 1, '2012-01-23 02:07:27', '2012-04-28 07:22:03', 106, 21, 94),
(72, 1339, 0, '2012-03-31 12:30:41', '2013-05-09 23:16:42', 82, 57, 93),
(73, 3993, 1, '2012-01-09 00:25:42', '2012-10-05 00:29:04', 57, 113, 51),
(74, 3284, 1, '2013-02-24 19:58:54', '2011-09-14 06:19:36', 198, 3, 97),
(75, 6164, 1, '2013-08-06 17:26:00', '2013-03-13 20:58:40', 138, 200, 29),
(76, 4741, 1, '2011-11-12 12:59:12', '2013-01-19 23:08:36', 110, 167, 35),
(77, 2188, 1, '2012-04-26 19:44:29', '2012-02-18 00:59:01', 140, 134, 81),
(78, 1906, 1, '2013-02-28 10:47:43', '2012-09-13 21:52:10', 117, 149, 9),
(79, 9298, 0, '2013-02-17 03:05:39', '2012-07-13 12:04:33', 182, 96, 71),
(80, 2788, 1, '2013-03-27 06:15:00', '2012-07-27 11:02:08', 13, 138, 83),
(81, 2466, 0, '2013-05-02 02:02:21', '2013-07-15 15:45:34', 124, 132, 30),
(82, 8994, 0, '2011-12-06 06:30:17', '2013-05-31 04:42:30', 198, 80, 97),
(83, 3115, 1, '2012-04-20 13:23:38', '2012-10-30 10:17:14', 138, 113, 29),
(84, 4683, 1, '2013-03-23 19:39:24', '2012-09-26 16:15:45', 81, 94, 50),
(85, 1696, 0, '2012-12-26 22:57:36', '2012-10-17 10:18:52', 52, 189, 88),
(86, 3449, 0, '2012-08-03 07:37:36', '2013-02-08 23:12:44', 87, 126, 91),
(87, 5068, 1, '2013-02-09 22:05:14', '2012-05-02 15:19:33', 41, 25, 54),
(88, 5096, 0, '2013-05-07 18:52:58', '2012-02-11 22:11:43', 165, 96, 43),
(89, 6280, 1, '2011-08-27 15:01:55', '2012-12-21 22:23:20', 81, 59, 36),
(90, 3212, 1, '2012-12-04 13:27:23', '2012-03-27 10:28:05', 104, 82, 23),
(91, 6046, 1, '2013-04-07 13:13:17', '2013-06-13 17:36:40', 33, 49, 52),
(92, 5074, 1, '2011-10-19 08:32:56', '2012-12-29 10:48:53', 199, 39, 22),
(93, 6479, 1, '2013-05-05 12:40:32', '2012-09-01 12:54:49', 13, 172, 83),
(94, 6239, 0, '2011-09-07 14:16:43', '2013-01-03 03:56:28', 175, 58, 85),
(95, 2668, 1, '2011-12-02 03:34:54', '2013-02-28 07:23:07', 37, 61, 21),
(96, 9892, 1, '2013-04-18 12:58:09', '2013-05-17 15:39:41', 84, 20, 4),
(97, 1972, 1, '2013-03-16 15:24:17', '2012-12-10 19:43:39', 19, 166, 95),
(98, 1262, 0, '2013-03-09 18:55:49', '2011-09-17 10:42:18', 35, 174, 53),
(99, 7513, 1, '2012-12-29 18:52:28', '2012-06-13 16:33:46', 43, 169, 38),
(100, 500, 0, '2011-10-12 01:33:39', '2012-01-08 10:59:52', 123, 180, 76);

--
-- Dumping data for table `Transactions`
--

INSERT INTO `Transactions` (`id`, `title`, `description`, `totalAmount`, `date`, `createdAt`, `updatedAt`, `createdBy`) VALUES
(1, 'malesuada fringilla est.', 'nibh. Donec est mauris, rhoncus id, mollis', 726, '2012-09-03 07:31:35', '2012-01-22 15:06:40', '2012-12-23 02:38:25', 134),
(2, 'non, dapibus rutrum, justo.', 'dis parturient montes, nascetur ridiculus mus. Aenean eget magna. Suspendisse tristique neque venenatis', 937, '2013-06-03 22:11:34', '2013-05-05 01:00:07', '2012-08-26 17:08:43', 21),
(3, 'non,', 'est. Nunc ullamcorper, velit in aliquet lobortis, nisi nibh lacinia orci,', 70, '2011-11-22 13:50:44', '2012-04-18 03:59:26', '2012-01-13 07:21:25', 81),
(4, 'felis.', 'dui. Cras pellentesque. Sed dictum. Proin eget odio. Aliquam vulputate ullamcorper magna. Sed', 78, '2012-12-28 11:01:05', '2012-08-06 00:46:11', '2012-01-26 20:05:54', 84),
(5, 'risus. Nunc ac', 'eu nulla at sem molestie sodales. Mauris', 546, '2013-03-20 23:16:49', '2012-09-16 09:13:29', '2011-09-24 17:04:03', 156),
(6, 'augue. Sed', 'est arcu ac orci. Ut semper', 393, '2012-04-30 19:46:03', '2012-02-04 10:59:14', '2013-05-12 09:47:59', 179),
(7, 'faucibus orci', 'gravida. Praesent eu nulla at sem molestie sodales. Mauris', 879, '2012-12-08 11:47:57', '2012-09-02 03:45:25', '2012-10-01 06:09:18', 75),
(8, 'dolor vitae', 'nunc sit amet metus. Aliquam erat volutpat. Nulla facilisis. Suspendisse commodo tincidunt nibh. Phasellus nulla.', 822, '2011-11-20 18:00:50', '2012-01-14 12:18:15', '2013-03-02 15:02:46', 4),
(9, 'auctor vitae,', 'purus sapien, gravida non, sollicitudin a, malesuada id, erat. Etiam', 88, '2012-09-28 02:03:14', '2012-05-06 14:19:24', '2013-01-16 20:41:43', 117),
(10, 'non massa', 'vel, faucibus id, libero. Donec consectetuer mauris id sapien. Cras', 774, '2012-07-06 01:46:05', '2013-05-14 19:10:06', '2012-02-15 04:05:20', 9),
(11, 'lorem, luctus', 'Nam ligula elit, pretium et, rutrum non, hendrerit', 956, '2011-11-09 13:52:21', '2011-10-15 11:21:20', '2012-07-11 15:04:17', 138),
(12, 'mus. Proin', 'sit amet luctus vulputate, nisi sem semper erat, in consectetuer ipsum nunc id enim. Curabitur', 495, '2012-05-14 04:46:57', '2013-07-25 15:17:59', '2012-03-15 12:23:46', 160),
(13, 'Nullam vitae', 'mollis. Duis sit amet diam eu dolor egestas rhoncus. Proin nisl sem, consequat nec, mollis', 637, '2013-07-25 18:14:19', '2012-10-20 04:14:59', '2012-10-04 12:31:29', 148),
(14, 'nunc. Quisque', 'Proin dolor. Nulla semper tellus id nunc interdum feugiat. Sed nec metus', 930, '2012-12-02 23:05:35', '2012-05-24 14:52:04', '2011-09-23 04:17:17', 159),
(15, 'Maecenas iaculis', 'neque non quam. Pellentesque habitant morbi tristique senectus et', 993, '2012-02-24 22:29:51', '2012-01-19 06:15:40', '2013-03-09 13:49:23', 36),
(16, 'neque vitae semper egestas,', 'Phasellus in felis. Nulla tempor augue ac ipsum. Phasellus', 980, '2013-02-17 06:31:09', '2011-11-14 11:30:23', '2011-12-26 23:32:52', 77),
(17, 'eu tellus eu augue', 'et tristique pellentesque, tellus sem mollis dui, in sodales elit erat vitae', 363, '2013-06-14 12:34:28', '2012-10-28 05:57:13', '2012-08-13 04:02:00', 42),
(18, 'Cum sociis natoque', 'sed dolor. Fusce mi lorem, vehicula et, rutrum eu, ultrices sit amet, risus. Donec nibh', 880, '2012-05-18 22:04:38', '2012-12-12 03:20:01', '2012-06-09 16:50:12', 121),
(19, 'vitae', 'non, lobortis quis, pede. Suspendisse dui. Fusce diam nunc, ullamcorper', 901, '2013-02-28 09:01:17', '2012-12-16 05:22:17', '2011-09-30 10:24:01', 90),
(20, 'lorem, luctus ut,', 'turpis non enim. Mauris quis turpis vitae purus gravida sagittis. Duis gravida. Praesent', 100, '2012-02-03 13:08:39', '2013-08-04 11:02:01', '2012-06-17 17:49:53', 160),
(21, 'sit amet,', 'vitae diam. Proin dolor. Nulla semper tellus', 182, '2012-09-24 07:13:46', '2012-01-06 07:26:19', '2012-01-03 13:27:44', 37),
(22, 'facilisis', 'fringilla cursus purus. Nullam scelerisque neque sed sem egestas blandit. Nam', 851, '2013-07-20 12:44:38', '2011-11-26 23:33:38', '2013-01-23 18:39:55', 199),
(23, 'odio', 'Nulla eget metus eu erat semper rutrum. Fusce dolor quam, elementum at,', 945, '2013-03-26 07:12:28', '2012-02-16 11:29:21', '2013-04-02 17:59:08', 104),
(24, 'Curabitur dictum. Phasellus', 'ipsum leo elementum sem, vitae aliquam eros turpis non enim. Mauris quis', 145, '2012-02-21 06:51:58', '2013-01-05 15:00:31', '2012-03-31 16:59:29', 112),
(25, 'pede et risus.', 'augue ut lacus. Nulla tincidunt, neque vitae semper egestas, urna justo faucibus lectus,', 47, '2013-05-11 19:53:34', '2012-04-29 16:22:21', '2013-02-04 23:45:18', 181),
(26, 'ligula.', 'Nulla tincidunt, neque vitae semper egestas, urna justo faucibus lectus, a sollicitudin orci sem', 141, '2012-04-01 14:35:40', '2012-02-20 13:41:35', '2012-10-24 04:24:29', 14),
(27, 'mauris. Morbi non', 'suscipit nonummy. Fusce fermentum fermentum arcu.', 145, '2013-02-08 01:59:50', '2012-11-23 22:40:35', '2013-07-18 05:03:19', 195),
(28, 'eu,', 'et malesuada fames ac turpis egestas. Aliquam fringilla cursus', 245, '2011-10-27 06:14:28', '2012-04-01 18:21:15', '2012-03-19 07:27:46', 72),
(29, 'Suspendisse commodo', 'dolor. Quisque tincidunt pede ac urna. Ut tincidunt vehicula risus. Nulla', 30, '2012-01-27 12:06:44', '2013-05-27 06:45:17', '2013-02-04 09:11:36', 138),
(30, 'erat, eget tincidunt', 'Nam porttitor scelerisque neque. Nullam nisl. Maecenas malesuada fringilla est. Mauris', 27, '2011-12-21 19:15:14', '2012-09-01 08:18:13', '2012-04-24 06:16:35', 124),
(31, 'arcu. Vestibulum', 'dictum cursus. Nunc mauris elit, dictum eu, eleifend nec, malesuada ut, sem. Nulla interdum. Curabitur', 630, '2012-06-02 16:30:36', '2012-06-25 14:55:49', '2011-12-11 23:41:57', 27),
(32, 'neque.', 'erat. Vivamus nisi. Mauris nulla. Integer urna. Vivamus molestie', 439, '2013-04-13 12:58:42', '2011-11-03 17:13:30', '2013-05-01 20:43:17', 111),
(33, 'Suspendisse tristique', 'erat eget ipsum. Suspendisse sagittis. Nullam vitae diam. Proin dolor. Nulla semper tellus', 508, '2012-06-17 11:56:23', '2012-02-27 05:22:37', '2013-04-21 06:54:05', 1),
(34, 'nulla.', 'pede nec ante blandit viverra. Donec tempus, lorem fringilla ornare placerat, orci lacus vestibulum', 905, '2012-11-25 12:28:39', '2012-12-15 23:26:26', '2013-04-11 08:00:22', 182),
(35, 'sagittis felis.', 'tincidunt, nunc ac mattis ornare, lectus ante dictum mi, ac', 877, '2013-05-25 03:01:21', '2013-04-22 23:23:19', '2011-10-09 16:29:02', 110),
(36, 'enim consequat purus.', 'Nullam enim. Sed nulla ante, iaculis nec, eleifend non, dapibus rutrum, justo. Praesent', 350, '2012-12-01 07:08:38', '2013-06-10 04:23:53', '2011-10-15 20:36:39', 81),
(37, 'Ut tincidunt orci', 'nisi. Aenean eget metus. In nec orci. Donec nibh. Quisque nonummy', 966, '2011-10-22 11:50:55', '2013-01-14 18:19:37', '2012-09-10 16:13:33', 11),
(38, 'diam. Duis mi', 'neque vitae semper egestas, urna justo faucibus lectus, a sollicitudin orci sem', 76, '2012-11-17 03:04:00', '2013-04-06 19:41:18', '2011-11-15 09:05:21', 43),
(39, 'Nulla tempor', 'pharetra nibh. Aliquam ornare, libero at', 856, '2012-10-30 03:47:07', '2013-02-24 20:37:05', '2012-05-12 01:50:37', 200),
(40, 'tempus', 'ac nulla. In tincidunt congue turpis. In condimentum. Donec at', 140, '2012-04-24 16:42:56', '2013-02-03 12:08:49', '2013-08-15 12:04:07', 73),
(41, 'ridiculus mus.', 'pulvinar arcu et pede. Nunc sed orci lobortis augue scelerisque', 228, '2012-04-09 12:18:56', '2011-12-15 23:44:24', '2012-10-25 16:42:38', 176),
(42, 'ipsum. Curabitur', 'tristique senectus et netus et malesuada fames ac turpis egestas.', 986, '2011-09-26 09:40:49', '2012-08-17 07:00:50', '2013-05-15 01:59:41', 88),
(43, 'venenatis', 'sem. Pellentesque ut ipsum ac mi eleifend egestas. Sed pharetra, felis eget varius', 37, '2012-09-28 23:31:04', '2012-02-13 03:19:50', '2012-06-01 18:26:41', 165),
(44, 'est', 'non lorem vitae odio sagittis', 731, '2012-05-04 01:17:36', '2013-02-01 01:36:47', '2012-03-20 09:27:29', 174),
(45, 'mattis', 'Donec non justo. Proin non', 647, '2012-08-02 00:03:00', '2012-08-26 06:22:20', '2012-11-01 18:29:38', 43),
(46, 'tortor at risus. Nunc', 'nec luctus felis purus ac tellus. Suspendisse sed dolor. Fusce mi lorem, vehicula et,', 961, '2012-08-01 18:20:35', '2013-07-04 08:24:06', '2012-09-30 13:44:18', 24),
(47, 'orci sem', 'quam. Pellentesque habitant morbi tristique', 475, '2012-07-20 18:24:44', '2011-09-19 02:57:30', '2011-12-12 16:25:58', 1),
(48, 'enim. Etiam', 'vehicula risus. Nulla eget metus eu erat semper rutrum. Fusce dolor', 417, '2012-01-16 05:06:40', '2013-04-23 01:16:52', '2012-05-31 10:25:06', 133),
(49, 'tellus eu augue porttitor', 'magna, malesuada vel, convallis in, cursus', 582, '2013-01-24 12:37:37', '2012-07-02 13:42:53', '2012-08-22 05:44:21', 167),
(50, 'orci, consectetuer euismod', 'mattis. Integer eu lacus. Quisque imperdiet, erat nonummy ultricies ornare, elit elit fermentum', 317, '2013-02-14 21:19:52', '2013-01-23 20:19:29', '2012-09-23 09:04:15', 81),
(51, 'tincidunt', 'ipsum nunc id enim. Curabitur massa. Vestibulum accumsan', 786, '2011-09-18 03:36:33', '2012-10-27 08:21:07', '2012-05-09 23:56:23', 57),
(52, 'eu', 'et pede. Nunc sed orci lobortis augue scelerisque mollis. Phasellus libero mauris,', 12, '2012-08-22 13:24:51', '2013-01-02 11:24:45', '2013-05-14 02:39:29', 33),
(53, 'at', 'lectus. Cum sociis natoque penatibus et magnis dis parturient montes, nascetur ridiculus mus.', 326, '2012-10-05 15:29:02', '2013-01-23 14:59:48', '2012-08-23 09:06:46', 35),
(54, 'augue id', 'non, luctus sit amet, faucibus ut, nulla. Cras eu tellus eu', 45, '2011-10-06 06:49:32', '2011-09-22 22:47:46', '2012-03-06 05:45:11', 41),
(55, 'ligula. Donec', 'egestas a, scelerisque sed, sapien. Nunc pulvinar arcu et pede. Nunc sed orci lobortis', 581, '2012-07-26 11:38:35', '2012-08-30 05:50:09', '2012-05-17 19:53:56', 45),
(56, 'lectus. Nullam', 'nunc interdum feugiat. Sed nec metus facilisis lorem tristique aliquet.', 510, '2013-03-17 10:20:15', '2011-09-29 10:00:34', '2012-11-17 18:29:20', 59),
(57, 'ligula.', 'In scelerisque scelerisque dui. Suspendisse ac metus vitae velit', 585, '2013-07-23 14:58:58', '2012-12-30 11:04:03', '2012-11-05 01:35:32', 92),
(58, 'Donec consectetuer mauris id', 'Aenean sed pede nec ante blandit viverra. Donec tempus, lorem fringilla ornare placerat,', 316, '2013-04-22 10:04:52', '2012-04-03 11:04:48', '2012-11-20 18:24:36', 15),
(59, 'lacus. Etiam bibendum fermentum', 'Sed auctor odio a purus. Duis elementum,', 109, '2012-04-30 08:52:06', '2012-05-15 04:17:11', '2012-06-23 01:59:56', 59),
(60, 'porttitor scelerisque neque.', 'Duis dignissim tempor arcu. Vestibulum', 431, '2012-12-17 21:41:30', '2011-09-22 13:20:09', '2011-10-27 12:16:27', 129),
(61, 'volutpat. Nulla facilisis. Suspendisse', 'at auctor ullamcorper, nisl arcu iaculis enim,', 644, '2011-08-25 14:15:02', '2013-03-18 20:14:55', '2013-07-03 22:31:06', 150),
(62, 'pellentesque massa lobortis', 'metus eu erat semper rutrum. Fusce dolor quam,', 438, '2011-12-08 13:08:12', '2013-01-15 06:51:47', '2012-12-25 05:26:20', 174),
(63, 'semper et,', 'nec, mollis vitae, posuere at, velit. Cras lorem lorem, luctus', 11, '2012-02-26 18:00:01', '2013-04-11 01:18:31', '2012-12-09 06:58:50', 163),
(64, 'sagittis augue,', 'dignissim tempor arcu. Vestibulum ut eros non enim commodo hendrerit.', 300, '2013-07-14 17:18:35', '2012-11-12 05:33:32', '2013-02-19 14:20:10', 115),
(65, 'ullamcorper eu, euismod ac,', 'Quisque ornare tortor at risus. Nunc ac sem ut dolor dapibus gravida. Aliquam tincidunt, nunc', 524, '2011-11-01 10:25:27', '2012-04-01 15:22:03', '2013-03-20 06:24:42', 78),
(66, 'ultrices a, auctor', 'mattis. Integer eu lacus. Quisque imperdiet, erat', 602, '2011-08-30 16:36:26', '2013-05-31 04:04:05', '2012-05-26 22:24:04', 182),
(67, 'eleifend nec, malesuada', 'porta elit, a feugiat tellus lorem eu metus. In lorem. Donec', 221, '2011-10-09 04:20:44', '2012-01-02 22:17:35', '2012-05-30 01:11:30', 8),
(68, 'Morbi quis urna.', 'semper auctor. Mauris vel turpis. Aliquam adipiscing lobortis risus.', 956, '2013-05-16 20:23:24', '2013-05-19 13:54:05', '2011-09-04 17:55:02', 78),
(69, 'tincidunt', 'nibh sit amet orci. Ut sagittis lobortis', 844, '2012-10-01 00:56:52', '2013-03-23 23:11:09', '2011-09-30 03:28:58', 105),
(70, 'consectetuer', 'arcu imperdiet ullamcorper. Duis at lacus. Quisque purus sapien, gravida', 628, '2012-04-09 15:09:10', '2013-06-26 07:53:33', '2012-01-27 06:18:17', 200),
(71, 'Nulla tempor', 'viverra. Donec tempus, lorem fringilla ornare placerat, orci', 994, '2012-10-10 22:55:27', '2012-12-13 12:09:55', '2011-12-06 21:05:00', 182),
(72, 'dapibus rutrum, justo.', 'congue a, aliquet vel, vulputate eu,', 380, '2013-03-27 18:49:43', '2013-02-10 09:39:10', '2011-09-15 14:24:12', 62),
(73, 'cursus.', 'cursus in, hendrerit consectetuer, cursus', 279, '2012-04-15 01:27:23', '2012-05-26 05:30:19', '2013-02-21 21:48:32', 196),
(74, 'adipiscing. Mauris molestie pharetra', 'sit amet lorem semper auctor. Mauris vel', 765, '2013-03-01 08:48:11', '2012-10-14 13:55:16', '2011-12-10 07:55:24', 20),
(75, 'at pede. Cras', 'mauris sit amet lorem semper auctor. Mauris vel turpis. Aliquam adipiscing lobortis risus.', 827, '2013-06-19 17:12:31', '2012-09-18 22:34:12', '2012-11-24 11:12:02', 86),
(76, 'in', 'Fusce mi lorem, vehicula et, rutrum eu, ultrices sit amet, risus.', 892, '2013-02-21 00:14:15', '2012-11-20 17:54:27', '2013-05-26 08:53:19', 123),
(77, 'convallis est,', 'vehicula et, rutrum eu, ultrices sit', 636, '2013-04-29 19:36:27', '2011-11-23 10:49:08', '2012-11-01 14:56:01', 107),
(78, 'pede sagittis augue, eu', 'a feugiat tellus lorem eu metus. In lorem. Donec elementum, lorem', 428, '2013-03-20 04:47:23', '2012-05-30 17:30:09', '2012-01-25 09:58:57', 178),
(79, 'Proin velit. Sed malesuada', 'et netus et malesuada fames ac', 594, '2012-02-23 05:13:32', '2012-06-13 04:58:18', '2013-07-07 12:28:49', 188),
(80, 'diam.', 'ullamcorper eu, euismod ac, fermentum vel, mauris. Integer sem elit, pharetra ut, pharetra', 510, '2011-11-17 01:17:43', '2013-07-26 19:47:19', '2013-02-23 10:12:41', 116),
(81, 'euismod est', 'sed tortor. Integer aliquam adipiscing lacus. Ut nec urna et arcu imperdiet ullamcorper.', 213, '2012-12-14 22:10:26', '2012-09-09 09:27:14', '2012-12-22 15:38:46', 140),
(82, 'dui augue eu', 'tristique aliquet. Phasellus fermentum convallis ligula.', 132, '2012-03-07 11:27:54', '2011-09-15 10:08:30', '2012-01-03 23:16:55', 159),
(83, 'Suspendisse non', 'nunc id enim. Curabitur massa. Vestibulum accumsan neque et nunc. Quisque', 779, '2013-03-29 07:16:23', '2012-11-10 20:57:39', '2012-03-21 17:10:29', 13),
(84, 'ligula eu enim. Etiam', 'libero. Proin mi. Aliquam gravida mauris ut mi. Duis risus', 656, '2012-05-19 09:17:51', '2012-07-19 21:57:43', '2012-12-22 19:41:22', 11),
(85, 'pede. Cras vulputate velit', 'bibendum fermentum metus. Aenean sed pede nec ante', 778, '2011-12-04 05:37:10', '2012-03-17 02:56:14', '2011-12-03 12:04:38', 175),
(86, 'Mauris', 'egestas a, scelerisque sed, sapien. Nunc pulvinar arcu et pede. Nunc', 174, '2013-06-14 21:29:39', '2013-01-18 22:03:37', '2013-03-11 12:27:55', 158),
(87, 'consectetuer adipiscing elit.', 'commodo at, libero. Morbi accumsan laoreet ipsum. Curabitur consequat,', 559, '2013-02-11 10:18:50', '2012-05-08 11:40:01', '2011-10-21 00:16:37', 108),
(88, 'egestas blandit. Nam', 'et magnis dis parturient montes, nascetur ridiculus mus. Proin vel', 775, '2013-02-21 10:55:54', '2012-03-26 18:10:02', '2013-02-06 21:38:12', 52),
(89, 'tellus non', 'erat neque non quam. Pellentesque habitant morbi tristique senectus et netus et malesuada fames', 547, '2012-01-12 13:51:53', '2013-02-25 00:58:48', '2012-02-22 19:53:17', 101),
(90, 'eu augue porttitor interdum.', 'ad litora torquent per conubia nostra, per inceptos', 116, '2013-06-21 22:13:03', '2011-12-17 16:55:37', '2012-10-08 05:55:33', 20),
(91, 'dignissim', 'orci. Ut semper pretium neque. Morbi quis', 393, '2013-05-10 10:38:31', '2013-01-20 08:40:45', '2013-07-22 01:41:42', 87),
(92, 'lorem vitae', 'lectus sit amet luctus vulputate, nisi sem', 31, '2013-06-28 05:03:27', '2012-11-10 16:03:44', '2012-05-30 18:50:44', 156),
(93, 'congue turpis.', 'Quisque ornare tortor at risus. Nunc ac sem ut dolor dapibus', 54, '2011-08-29 17:38:40', '2013-03-03 15:08:02', '2012-08-31 15:28:39', 82),
(94, 'vel', 'convallis convallis dolor. Quisque tincidunt pede ac urna. Ut tincidunt vehicula risus. Nulla eget metus', 293, '2013-05-15 05:54:08', '2011-12-26 23:53:53', '2013-04-12 20:23:50', 106),
(95, 'Nulla tempor augue', 'eu tempor erat neque non quam. Pellentesque habitant morbi tristique senectus et netus et malesuada', 456, '2012-04-29 06:10:16', '2011-10-31 11:36:47', '2012-05-30 06:39:04', 19),
(96, 'et, magna. Praesent interdum', 'eu, ligula. Aenean euismod mauris eu elit. Nulla facilisi.', 301, '2013-06-11 04:32:27', '2011-11-06 03:13:18', '2011-11-08 22:54:10', 167),
(97, 'mollis dui, in', 'egestas. Aliquam fringilla cursus purus. Nullam scelerisque neque sed sem egestas blandit. Nam nulla magna,', 697, '2013-05-25 13:45:25', '2012-09-05 04:03:31', '2012-01-26 03:17:05', 198),
(98, 'massa. Integer vitae', 'vel sapien imperdiet ornare. In faucibus. Morbi vehicula. Pellentesque tincidunt tempus risus.', 60, '2011-10-13 04:38:01', '2012-05-28 22:19:37', '2012-08-27 11:16:10', 152),
(99, 'Curae; Phasellus ornare.', 'Donec tempus, lorem fringilla ornare placerat, orci', 262, '2012-12-15 21:48:21', '2013-03-07 15:37:41', '2011-11-01 10:27:04', 98),
(100, 'libero', 'Phasellus at augue id ante dictum cursus. Nunc mauris elit, dictum eu,', 638, '2013-08-03 10:34:54', '2011-08-29 01:56:05', '2012-02-29 15:11:53', 27);

--
-- Dumping data for table `Users`
--

INSERT INTO `Users` (`id_old`, `id`, `email`, `firstName`, `lastName`, `createdAt`, `updatedAt`) VALUES
(1, 1034858, 'neque.venenatis.lacus@ligulatortordictum.org', 'Derek', 'Price', '2012-01-04 13:32:40', '2011-11-10 15:52:59'),
(2, 5901845, 'non.magna@aliquam.org', 'Joshua', 'Burton', '2012-06-01 02:14:25', '2011-10-08 23:33:50'),
(3, 2218681, 'Phasellus.at@Proin.org', 'Gabriel', 'Keith', '2012-06-02 21:51:16', '2013-01-10 10:17:34'),
(4, 2140738, 'ullamcorper@nibhdolornonummy.com', 'Odette', 'Battle', '2011-11-18 10:40:21', '2011-11-09 06:10:38'),
(5, 4315536, 'mi.tempor@consectetuer.edu', 'Warren', 'Mcfarland', '2013-02-09 21:48:04', '2012-03-21 16:30:49'),
(6, 5031574, 'tristique.aliquet@fringillaDonecfeugiat.com', 'Belle', 'Goff', '2012-05-18 02:21:04', '2013-05-20 16:58:25'),
(7, 7870875, 'eu@pedesagittis.ca', 'Caesar', 'Beard', '2011-12-20 11:02:55', '2011-12-31 10:43:44'),
(8, 932493, 'tempor.erat@Sed.org', 'Barclay', 'Harvey', '2012-06-09 22:47:35', '2012-05-10 12:38:06'),
(9, 9422734, 'in.lobortis.tellus@magnaSedeu.org', 'Kennedy', 'Merrill', '2011-10-23 13:54:57', '2011-10-23 19:59:13'),
(10, 778013, 'dictum@non.org', 'Kieran', 'Greene', '2012-05-03 15:03:59', '2012-06-18 06:22:09'),
(11, 9631292, 'at@nonummyacfeugiat.edu', 'Signe', 'Barr', '2012-02-19 11:50:49', '2013-04-29 17:32:10'),
(12, 6622206, 'mollis.Integer.tincidunt@perconubia.edu', 'Alea', 'Craft', '2013-01-28 16:46:53', '2013-03-12 15:09:54'),
(13, 1413097, 'aliquam.eros@eu.org', 'Susan', 'Durham', '2012-05-23 07:03:09', '2012-07-29 16:26:26'),
(14, 9997426, 'ante.lectus@eunulla.edu', 'Veronica', 'Bush', '2013-04-01 00:14:34', '2011-09-01 13:11:14'),
(15, 911110, 'ac.mattis.velit@egestas.ca', 'Aurora', 'Riley', '2012-12-27 10:46:47', '2012-08-13 01:19:06'),
(16, 4873733, 'malesuada@natoquepenatibuset.com', 'Winter', 'Jackson', '2011-11-13 03:39:17', '2012-08-18 11:50:57'),
(17, 513173, 'primis@erat.org', 'Jorden', 'Russo', '2013-02-15 03:58:40', '2012-03-08 10:13:10'),
(18, 794538, 'erat.volutpat.Nulla@Aliquam.com', 'Guinevere', 'Bender', '2012-08-08 16:31:51', '2012-09-25 12:23:35'),
(19, 2642245, 'sit@iaculisodio.edu', 'Cain', 'Matthews', '2013-05-03 22:34:54', '2012-05-31 22:54:16'),
(20, 3346202, 'sed.pede@Sedet.com', 'Brittany', 'Andrews', '2012-07-18 14:08:00', '2011-10-01 01:12:01'),
(21, 3971091, 'luctus.ut.pellentesque@lectus.org', 'Acton', 'Lopez', '2012-02-28 09:31:22', '2012-06-09 01:42:17'),
(22, 7025998, 'sit.amet@Nuncullamcorpervelit.edu', 'Ora', 'White', '2011-10-30 03:55:32', '2013-04-23 15:20:04'),
(23, 4494224, 'odio.tristique.pharetra@consectetueradipiscing.com', 'Bianca', 'Gilbert', '2011-11-29 11:04:47', '2012-07-30 06:41:28'),
(24, 233726, 'libero.dui@Nuncquisarcu.edu', 'Abraham', 'Bryant', '2013-01-21 02:40:45', '2012-01-29 19:31:29'),
(25, 9846219, 'diam@ipsumdolor.com', 'Zelda', 'Parks', '2012-08-01 19:10:25', '2012-03-30 11:13:30'),
(26, 7035055, 'Integer.urna.Vivamus@ornarelectus.edu', 'Gregory', 'Hale', '2013-07-18 08:24:05', '2012-08-28 14:00:21'),
(27, 9312257, 'nunc.id.enim@Nuncmauriselit.edu', 'Dora', 'Cote', '2013-02-07 00:14:40', '2012-12-09 00:00:54'),
(28, 4432817, 'augue@ut.edu', 'Dieter', 'Hanson', '2012-04-24 21:02:41', '2012-11-27 07:19:22'),
(29, 4536365, 'lorem.eu@laoreetipsum.ca', 'Candice', 'Mckenzie', '2012-09-22 07:13:41', '2012-11-10 15:05:05'),
(30, 5951440, 'consectetuer.adipiscing@dolortempus.com', 'Tasha', 'Mason', '2011-09-28 04:04:37', '2012-03-30 23:54:17'),
(31, 684681, 'dolor.Fusce.mi@Pellentesque.ca', 'Jada', 'Eaton', '2013-03-08 11:58:31', '2011-09-14 10:20:03'),
(32, 464602, 'magna.Phasellus@nequenon.org', 'Sandra', 'Flynn', '2013-08-07 03:06:46', '2012-01-05 05:53:10'),
(33, 2649122, 'vulputate.dui@tellus.ca', 'Quamar', 'Blevins', '2012-11-12 04:05:05', '2012-02-27 18:45:34'),
(34, 4428359, 'ac.facilisis.facilisis@sapien.com', 'Martha', 'Cortez', '2012-10-03 17:06:00', '2012-02-04 09:23:31'),
(35, 3013847, 'eu@mattis.ca', 'Harding', 'Wiley', '2013-04-17 17:50:58', '2012-06-06 19:42:23'),
(36, 5518355, 'libero.Integer.in@hendreritneque.edu', 'Natalie', 'Rasmussen', '2011-11-28 20:17:42', '2012-06-06 17:55:51'),
(37, 9113299, 'nunc.Quisque@Morbimetus.org', 'Jennifer', 'Roth', '2012-09-24 18:56:52', '2013-02-23 09:20:26'),
(38, 4453713, 'tincidunt@hendreritDonec.org', 'Rashad', 'Stephenson', '2011-12-04 23:57:51', '2012-02-03 04:16:14'),
(39, 6739864, 'posuere@neccursus.com', 'Lamar', 'Owen', '2012-08-24 15:27:19', '2012-02-26 10:36:48'),
(40, 1765005, 'In.nec.orci@Fuscemollis.ca', 'Hu', 'Carpenter', '2011-12-14 23:21:55', '2012-11-15 20:39:52'),
(41, 2273431, 'nec@Curabitursed.edu', 'Hanae', 'Howell', '2013-05-04 03:22:04', '2012-07-01 16:52:02'),
(42, 933829, 'Ut@venenatisa.ca', 'Kennedy', 'Huff', '2012-08-07 02:18:42', '2012-01-26 12:29:28'),
(43, 531229, 'mollis.Phasellus@id.org', 'Tanek', 'Boone', '2011-12-08 11:01:58', '2012-02-15 15:20:40'),
(44, 6090558, 'congue.elit.sed@nuncinterdumfeugiat.edu', 'Zena', 'Wright', '2011-09-09 18:27:39', '2012-07-28 02:00:29'),
(45, 4890432, 'porttitor.tellus@Proinsed.ca', 'Wallace', 'Morin', '2011-09-05 12:46:35', '2012-07-19 17:53:33'),
(46, 2085448, 'a.auctor.non@mollisduiin.ca', 'Isabella', 'Simmons', '2013-01-22 10:34:04', '2012-10-06 21:00:06'),
(47, 3811252, 'egestas.a@magna.ca', 'Haley', 'Pickett', '2011-11-06 14:40:57', '2012-10-13 07:53:48'),
(48, 9146616, 'enim@Morbinonsapien.org', 'Mia', 'Riley', '2013-05-18 09:01:19', '2012-12-23 12:43:26'),
(49, 945130, 'per@sitamet.edu', 'Eliana', 'Heath', '2013-01-28 21:48:19', '2011-10-17 10:33:11'),
(50, 1892155, 'Mauris.eu@nonluctussit.ca', 'Samantha', 'Scott', '2012-09-21 21:27:01', '2013-06-05 20:37:42'),
(51, 3313717, 'ullamcorper.magna.Sed@lacusQuisque.com', 'Cedric', 'Perkins', '2012-01-16 18:53:48', '2013-01-05 08:52:06'),
(52, 6131778, 'Proin.velit.Sed@Nunclectuspede.edu', 'Merrill', 'Haynes', '2012-03-01 22:46:02', '2011-09-21 17:50:28'),
(53, 3114295, 'arcu.et.pede@aliquetsem.com', 'Travis', 'Gibbs', '2012-05-14 22:37:49', '2013-02-28 15:00:42'),
(54, 9338417, 'eget@idmollis.edu', 'Clinton', 'Jenkins', '2012-03-15 00:03:02', '2012-05-16 04:01:44'),
(55, 162400, 'tincidunt@vulputateveliteu.edu', 'Kendall', 'Holcomb', '2013-07-22 03:29:14', '2013-04-01 02:09:17'),
(56, 8429705, 'sociis.natoque.penatibus@sit.ca', 'Kiona', 'French', '2013-06-24 12:51:16', '2013-05-22 21:18:03'),
(57, 9292691, 'ac.mi@felis.org', 'Hope', 'Stanley', '2012-05-13 09:35:44', '2012-03-19 14:16:36'),
(58, 399296, 'velit.Cras.lorem@commodo.com', 'May', 'Tanner', '2011-11-05 02:57:24', '2011-10-03 01:07:11'),
(59, 7821946, 'quis.urna@vellectus.edu', 'Alfreda', 'Lane', '2012-08-03 06:38:31', '2013-02-02 10:48:10'),
(60, 1837526, 'lacus.vestibulum@lacus.edu', 'Joy', 'Farrell', '2013-04-12 22:07:35', '2012-02-21 20:45:18'),
(61, 8175711, 'euismod@liberomaurisaliquam.ca', 'Macey', 'Bradley', '2013-06-07 15:20:55', '2012-11-19 11:02:33'),
(62, 4979031, 'vehicula.Pellentesque.tincidunt@gravidanunc.ca', 'Diana', 'Brooks', '2013-08-08 08:52:33', '2012-02-10 14:55:53'),
(63, 5087288, 'orci.consectetuer.euismod@ipsum.org', 'Nevada', 'Hensley', '2012-06-03 10:22:40', '2012-02-05 18:52:55'),
(64, 903452, 'orci.quis@Praesentinterdum.edu', 'Octavius', 'Henderson', '2011-10-28 08:25:11', '2012-03-22 00:16:44'),
(65, 4152335, 'turpis@nonquam.ca', 'Kylie', 'Gilmore', '2012-03-12 14:20:32', '2012-02-26 02:45:32'),
(66, 6426817, 'quam.dignissim.pharetra@tristiquealiquetPhasellus.ca', 'Ashton', 'Farmer', '2012-10-22 18:47:00', '2012-02-03 00:39:48'),
(67, 9596507, 'accumsan.convallis.ante@nibh.edu', 'Libby', 'Mckee', '2011-11-22 07:48:00', '2012-09-02 07:21:03'),
(68, 5320463, 'at@molestie.ca', 'Keaton', 'Parks', '2012-11-14 11:08:45', '2013-06-03 22:41:48'),
(69, 8382838, 'a.aliquet.vel@elementumduiquis.org', 'Alexa', 'Bright', '2013-03-30 09:37:45', '2012-08-15 07:04:32'),
(70, 5733301, 'fames.ac.turpis@condimentumDonec.edu', 'Macy', 'Odonnell', '2013-02-09 14:15:07', '2012-08-04 20:51:06'),
(71, 9155235, 'volutpat@mollisvitae.com', 'Alexander', 'Robbins', '2012-11-18 21:06:26', '2012-07-02 16:22:33'),
(72, 6589353, 'ipsum@ipsumportaelit.com', 'Mary', 'Nicholson', '2011-10-17 01:19:39', '2011-11-17 11:25:56'),
(73, 1084088, 'dignissim.lacus.Aliquam@auguemalesuada.com', 'Micah', 'Calderon', '2011-12-23 00:11:33', '2012-09-06 17:09:10'),
(74, 1156145, 'ipsum.sodales.purus@nibhPhasellusnulla.edu', 'Katell', 'Rosario', '2012-11-22 08:54:24', '2013-03-16 03:10:55'),
(75, 1768198, 'dui.nec@cursuspurus.edu', 'Christopher', 'Lambert', '2013-06-08 19:59:42', '2013-05-10 23:46:11'),
(76, 3134320, 'convallis@parturient.edu', 'Robert', 'Miranda', '2012-02-28 13:50:10', '2012-12-04 13:33:13'),
(77, 9346055, 'lorem@sagittisplacerat.ca', 'Madeson', 'Mosley', '2012-01-13 14:40:40', '2013-03-26 11:44:32'),
(78, 6075443, 'sagittis@Nullatempor.edu', 'Dylan', 'Guerra', '2013-08-18 22:59:23', '2012-01-21 10:12:22'),
(79, 3989392, 'pellentesque.tellus@Sed.ca', 'Quinlan', 'Bender', '2011-09-16 00:08:23', '2012-01-08 12:08:12'),
(80, 861187, 'adipiscing@Nullamvelit.edu', 'Dane', 'Ewing', '2012-10-24 09:08:02', '2011-12-15 22:07:29'),
(81, 1721870, 'tristique.aliquet@ametmassaQuisque.com', 'Giselle', 'Tyler', '2012-07-23 09:59:56', '2012-07-07 16:29:01'),
(82, 4894377, 'aliquet.Proin.velit@Aliquamfringillacursus.org', 'Amity', 'Dudley', '2013-03-20 08:18:58', '2012-10-26 21:51:43'),
(83, 1773172, 'sit.amet.risus@maurisipsumporta.com', 'Yuri', 'Valencia', '2013-06-12 14:17:07', '2011-12-18 16:47:20'),
(84, 5068494, 'montes@ametloremsemper.ca', 'Brianna', 'Guerrero', '2012-03-16 01:24:41', '2012-02-27 12:40:20'),
(85, 1929148, 'a.odio.semper@tinciduntadipiscing.com', 'Hiram', 'Rivers', '2013-01-29 23:15:27', '2013-06-17 14:53:07'),
(86, 2792331, 'auctor.odio.a@orci.org', 'Haviva', 'Murphy', '2012-08-22 21:18:21', '2013-04-21 16:13:56'),
(87, 3454245, 'non.hendrerit.id@a.org', 'Barclay', 'Ochoa', '2012-11-25 12:04:33', '2012-08-08 11:07:04'),
(88, 7489613, 'euismod.enim@aceleifendvitae.org', 'Fay', 'Marks', '2013-07-01 17:17:51', '2011-11-28 04:16:46'),
(89, 5474237, 'sed.facilisis@variusultricesmauris.com', 'Lucius', 'Brooks', '2012-05-04 17:31:09', '2013-04-16 22:14:33'),
(90, 2655439, 'dolor@hendreritDonecporttitor.org', 'Herrod', 'Vance', '2013-02-10 12:18:48', '2012-03-25 13:12:07'),
(91, 5231292, 'orci.Donec.nibh@dapibusrutrumjusto.edu', 'Haley', 'Fletcher', '2013-03-02 18:29:40', '2012-07-02 06:37:07'),
(92, 7909246, 'dolor.egestas.rhoncus@eget.org', 'Odessa', 'Bright', '2012-11-01 01:56:40', '2012-02-05 22:07:30'),
(93, 9498218, 'porttitor.vulputate.posuere@Proinnislsem.org', 'Sydney', 'Knapp', '2012-10-06 02:23:21', '2013-03-24 11:16:56'),
(94, 6131648, 'eget@nunc.org', 'Beverly', 'Estes', '2012-09-25 15:47:48', '2012-03-28 01:22:34'),
(95, 6344717, 'Aliquam@dapibus.com', 'Jemima', 'Chase', '2013-01-22 17:24:59', '2013-08-09 17:35:44'),
(96, 2451460, 'natoque.penatibus.et@utquamvel.edu', 'Teegan', 'Dalton', '2013-04-02 03:07:29', '2012-10-20 11:49:40'),
(97, 8271418, 'enim.nisl.elementum@varius.ca', 'Lars', 'Zimmerman', '2013-07-08 06:59:37', '2011-10-13 22:05:34'),
(98, 7819, 'malesuada.ut.sem@lobortismaurisSuspendisse.com', 'Alea', 'Burch', '2011-10-30 08:37:44', '2012-02-03 14:26:51'),
(99, 4848600, 'iaculis.enim.sit@arcueuodio.ca', 'Alexis', 'Mccall', '2011-11-11 17:00:56', '2013-01-31 08:31:31'),
(100, 4804902, 'dignissim.Maecenas@nequevitaesemper.com', 'Xavier', 'Decker', '2011-11-29 22:41:59', '2011-12-27 20:36:38'),
(101, 1237285, 'justo.eu.arcu@eratneque.ca', 'Kalia', 'Short', '2012-10-18 10:44:20', '2012-01-14 07:37:03'),
(102, 7044834, 'magna.Ut.tincidunt@Fusce.org', 'Eric', 'Jacobson', '2012-12-02 21:06:44', '2013-02-27 13:16:56'),
(103, 6096696, 'parturient.montes@diamloremauctor.com', 'Kay', 'Simon', '2012-09-25 03:30:25', '2012-02-27 23:49:09'),
(104, 7132282, 'tincidunt.orci.quis@interdum.org', 'Genevieve', 'Frederick', '2012-06-29 15:03:41', '2012-06-02 13:04:34'),
(105, 5295272, 'mi.eleifend@montesnascetur.com', 'Colorado', 'Davis', '2012-06-14 22:14:29', '2012-08-19 13:21:48'),
(106, 270442, 'eleifend.Cras.sed@massa.org', 'Jessamine', 'Barlow', '2013-07-29 08:22:09', '2013-05-06 05:37:36'),
(107, 3131286, 'vestibulum.nec.euismod@Maecenasliberoest.org', 'Kay', 'Stuart', '2011-12-22 04:17:56', '2012-06-02 21:15:28'),
(108, 4103083, 'dui@magnaa.com', 'Timon', 'Cummings', '2012-05-04 22:52:26', '2012-07-12 17:20:30'),
(109, 9918974, 'cursus.et.magna@Pellentesquehabitant.ca', 'Paloma', 'Boyd', '2012-06-30 17:50:32', '2013-02-28 18:28:53'),
(110, 6137786, 'nec@Duis.org', 'Austin', 'Cline', '2013-03-08 05:38:14', '2012-07-16 09:10:31'),
(111, 3931380, 'blandit@arcuVestibulum.com', 'Isaiah', 'Wilson', '2011-11-27 05:02:13', '2012-11-29 12:05:47'),
(112, 5050870, 'Nam.ligula@pellentesque.com', 'Hillary', 'Robles', '2013-01-24 12:47:47', '2012-03-31 03:15:20'),
(113, 2167149, 'enim.sit.amet@vitae.edu', 'Guy', 'Henry', '2013-08-05 01:18:34', '2012-08-24 03:07:51'),
(114, 1892649, 'Cras.eu@scelerisque.org', 'Danielle', 'Horne', '2011-10-03 05:05:26', '2012-06-02 00:53:51'),
(115, 5926883, 'Integer@aliquet.com', 'Burke', 'Woodward', '2012-04-08 15:57:14', '2013-02-15 19:47:50'),
(116, 8971451, 'ante.dictum.cursus@Maurisvelturpis.org', 'Jayme', 'Hess', '2013-01-28 08:19:34', '2013-03-05 07:55:32'),
(117, 5756522, 'Vivamus.rhoncus.Donec@mattisInteger.edu', 'Rama', 'Workman', '2012-12-01 20:53:39', '2012-10-26 00:29:00'),
(118, 5350648, 'pede@sempertellus.com', 'Alika', 'Gordon', '2013-06-11 07:48:39', '2013-07-27 01:18:03'),
(119, 3854790, 'at@estacmattis.org', 'Sierra', 'Harper', '2013-03-07 23:41:15', '2012-12-28 03:31:40'),
(120, 3687683, 'a@metusurna.org', 'Zachary', 'Conner', '2013-05-18 14:18:12', '2013-05-08 21:46:32'),
(121, 3111992, 'magna.Duis.dignissim@elit.com', 'Bethany', 'Fernandez', '2012-10-16 20:30:30', '2012-08-07 08:40:05'),
(122, 5773425, 'volutpat@velarcu.ca', 'Nathaniel', 'Schneider', '2013-02-03 09:16:22', '2012-03-13 21:41:42'),
(123, 9402816, 'neque@velconvallis.org', 'Ryan', 'Delacruz', '2012-01-25 21:56:45', '2013-05-20 04:02:31'),
(124, 5845013, 'lacinia.mattis.Integer@felis.ca', 'Helen', 'Reed', '2011-08-21 22:45:00', '2012-05-02 05:29:02'),
(125, 4695556, 'eros.Proin.ultrices@a.ca', 'Joy', 'Sutton', '2012-09-15 08:30:40', '2013-02-21 11:09:53'),
(126, 1223376, 'ante.ipsum@Maurisut.ca', 'Harper', 'Crane', '2013-05-18 08:42:32', '2012-02-29 00:10:15'),
(127, 1306796, 'Praesent@eutellusPhasellus.com', 'Curran', 'Crane', '2012-08-04 14:17:28', '2011-11-23 06:45:27'),
(128, 3615688, 'Cras@pedeCrasvulputate.ca', 'Kyle', 'Figueroa', '2013-07-25 16:33:22', '2012-05-19 01:41:12'),
(129, 7741453, 'dolor.Fusce@ut.edu', 'Xena', 'Larson', '2011-10-22 09:28:28', '2012-03-17 04:00:08'),
(130, 3688428, 'arcu@magnaSed.com', 'Shaine', 'Dotson', '2011-09-23 09:45:04', '2013-04-23 20:43:18'),
(131, 5416712, 'nisl.sem@dui.com', 'Halla', 'French', '2012-12-25 09:15:14', '2013-02-09 19:06:29'),
(132, 4978843, 'eu.eros.Nam@est.org', 'Lila', 'Guy', '2013-08-01 02:52:00', '2013-08-17 09:23:54'),
(133, 1085263, 'odio@enimNunc.com', 'Ali', 'James', '2012-08-25 15:05:17', '2013-02-09 14:14:10'),
(134, 6235374, 'non@pretiumetrutrum.ca', 'Zelda', 'Burnett', '2013-05-29 03:16:37', '2011-08-20 04:26:34'),
(135, 4433229, 'adipiscing@aliquetlobortis.org', 'Nissim', 'Cook', '2013-06-17 09:18:05', '2011-10-25 18:50:29'),
(136, 4500089, 'sit.amet.dapibus@eu.edu', 'Ignacia', 'Melendez', '2013-05-30 09:19:15', '2013-04-06 18:36:35'),
(137, 2125334, 'dolor.Donec.fringilla@porttitor.edu', 'Rashad', 'Velez', '2012-05-22 00:53:42', '2012-06-20 08:10:58'),
(138, 2659238, 'lacus.vestibulum.lorem@morbitristiquesenectus.org', 'Wyoming', 'Fitzpatrick', '2013-06-25 01:09:30', '2013-01-30 10:28:58'),
(139, 8896746, 'a@nequeet.com', 'Rebecca', 'Greer', '2011-09-04 22:47:31', '2012-06-12 21:16:37'),
(140, 2206035, 'Suspendisse@sedleoCras.ca', 'Garrison', 'Miles', '2013-06-02 14:13:50', '2012-02-17 19:37:18'),
(141, 7100513, 'Nunc.sollicitudin@aliquet.org', 'Vivien', 'Suarez', '2013-06-24 12:55:48', '2013-04-06 15:25:48'),
(142, 6182607, 'in.faucibus@Maurisut.org', 'Plato', 'Castro', '2013-03-23 17:45:22', '2012-01-20 18:35:36'),
(143, 9434559, 'consequat.auctor@loremutaliquam.org', 'Conan', 'Becker', '2012-12-07 08:56:26', '2012-11-08 07:30:09'),
(144, 8413929, 'amet.consectetuer@lectus.edu', 'Sydnee', 'Christian', '2013-02-19 16:17:10', '2013-05-09 07:42:04'),
(145, 5905892, 'Nulla.interdum.Curabitur@Curabitur.edu', 'Basil', 'Chapman', '2013-06-20 20:42:39', '2011-12-24 12:35:39'),
(146, 7400207, 'libero.Donec.consectetuer@amet.com', 'Carter', 'Hughes', '2012-12-29 20:14:56', '2011-09-22 20:49:54'),
(147, 8322048, 'nec.diam.Duis@interdumSedauctor.org', 'Olivia', 'Floyd', '2013-02-15 15:04:51', '2012-07-03 03:26:35'),
(148, 1619875, 'turpis.nec@tempusnon.com', 'Reuben', 'Dawson', '2013-06-19 04:33:07', '2012-05-31 11:42:04'),
(149, 2560818, 'in.consequat.enim@egetodioAliquam.org', 'Xaviera', 'Smith', '2012-03-31 03:06:05', '2013-02-16 12:17:51'),
(150, 3483816, 'malesuada.vel@consectetueradipiscingelit.edu', 'Felicia', 'Schmidt', '2012-06-02 01:42:17', '2012-10-30 02:23:05'),
(151, 9464192, 'est.ac@gravidaPraesent.edu', 'Nelle', 'Galloway', '2011-08-24 01:18:08', '2012-12-12 06:10:38'),
(152, 7295679, 'feugiat@Donecdignissim.org', 'Lev', 'Walters', '2012-02-06 22:55:18', '2011-12-13 19:08:59'),
(153, 7304845, 'velit@auguemalesuadamalesuada.org', 'Nelle', 'Trevino', '2013-01-13 19:07:20', '2012-01-18 20:00:34'),
(154, 3146989, 'facilisis.lorem@Etiam.edu', 'Britanney', 'Little', '2011-12-11 00:44:45', '2013-06-22 04:29:27'),
(155, 7145718, 'interdum.Nunc@loremutaliquam.org', 'Christine', 'Mason', '2012-10-26 08:37:56', '2013-05-24 23:01:50'),
(156, 8889655, 'adipiscing@variuset.org', 'Karen', 'Meyer', '2011-11-18 19:57:37', '2012-09-30 18:56:06'),
(157, 5582908, 'magna@Duis.edu', 'Alea', 'Figueroa', '2012-07-25 09:08:52', '2011-12-30 21:44:16'),
(158, 7273018, 'ligula.eu.enim@commodo.org', 'Sierra', 'Mcdonald', '2013-08-18 11:37:15', '2013-04-28 22:20:40'),
(159, 3373091, 'sodales.nisi.magna@orci.org', 'Pandora', 'Galloway', '2011-10-23 18:33:55', '2012-10-17 00:48:05'),
(160, 8115853, 'Morbi.accumsan.laoreet@risusInmi.com', 'Flynn', 'Reynolds', '2013-06-30 08:45:26', '2012-01-12 22:59:18'),
(161, 6685705, 'nibh.Phasellus.nulla@Integersem.ca', 'Ursa', 'Oneal', '2013-05-20 01:06:38', '2012-01-09 01:25:18'),
(162, 6931281, 'Curabitur.sed@Phasellusornare.ca', 'Carissa', 'Matthews', '2013-08-16 19:59:23', '2013-01-10 09:02:20'),
(163, 6584262, 'lacinia.Sed@libero.com', 'Hyatt', 'Bright', '2012-02-23 01:49:14', '2013-07-26 13:13:16'),
(164, 1638326, 'ornare@arcuVestibulum.edu', 'Brittany', 'Harrison', '2012-02-25 16:44:24', '2012-07-05 12:10:02'),
(165, 9259577, 'vehicula@idenimCurabitur.ca', 'Lance', 'Mckinney', '2012-12-12 02:51:53', '2012-06-04 02:13:57'),
(166, 4743909, 'a.aliquet@velarcuCurabitur.com', 'Dustin', 'Branch', '2012-05-14 02:57:11', '2012-03-28 15:59:24'),
(167, 9579437, 'in@id.org', 'Germane', 'Nunez', '2011-09-09 02:34:20', '2012-08-14 10:16:21'),
(168, 9210617, 'Nunc@ornarelibero.edu', 'Alvin', 'Curry', '2011-08-30 09:21:57', '2011-09-12 11:10:22'),
(169, 1823164, 'enim@ac.org', 'Nayda', 'Kirkland', '2012-09-22 10:14:19', '2012-03-30 20:24:58'),
(170, 2499778, 'elit.Nulla.facilisi@semperauctorMauris.com', 'Raven', 'Castaneda', '2011-08-20 18:27:51', '2013-05-17 15:29:50'),
(171, 5191581, 'urna.justo.faucibus@mauris.ca', 'Noel', 'Kirk', '2012-04-08 13:08:35', '2012-09-04 00:58:56'),
(172, 9155694, 'ipsum.leo.elementum@nec.edu', 'Igor', 'Buck', '2013-05-30 22:49:54', '2013-05-02 22:43:57'),
(173, 2610574, 'mi.pede@lorem.ca', 'Renee', 'Houston', '2012-05-19 04:28:10', '2012-04-02 02:01:15'),
(174, 7664581, 'massa@Fuscemilorem.ca', 'Brennan', 'Atkins', '2012-07-29 05:57:13', '2013-03-10 01:37:46'),
(175, 8974981, 'aliquam.eu@sapienmolestie.ca', 'Yvette', 'Cooley', '2013-01-25 23:46:10', '2011-10-27 11:27:04'),
(176, 5223930, 'faucibus@Aeneangravida.ca', 'Lacota', 'Mcclure', '2012-08-30 10:18:07', '2012-12-21 23:02:41'),
(177, 3543953, 'volutpat.Nulla.facilisis@ametultricies.org', 'Aaron', 'Holmes', '2011-09-26 17:37:45', '2012-11-08 12:57:12'),
(178, 6807705, 'tincidunt@orci.org', 'Claudia', 'Weiss', '2013-06-07 01:50:55', '2013-07-20 05:50:32'),
(179, 508120, 'enim@convallisconvallis.com', 'Kelsey', 'Lynch', '2012-04-24 08:04:07', '2011-12-20 06:53:58'),
(180, 5536399, 'sit.amet.consectetuer@fermentumconvallisligula.org', 'Jamal', 'Bush', '2012-01-30 18:17:29', '2013-01-27 18:48:18'),
(181, 3388277, 'penatibus.et@elit.org', 'Ishmael', 'Olson', '2012-09-15 16:02:55', '2013-02-10 12:58:37'),
(182, 8153782, 'ultrices.Duis.volutpat@VivamusnisiMauris.edu', 'Samuel', 'Hill', '2012-04-03 05:05:02', '2012-04-26 16:30:57'),
(183, 3351170, 'Nullam@tortorNunc.com', 'Tobias', 'Dillard', '2011-10-01 13:43:26', '2013-07-25 11:16:37'),
(184, 2351522, 'vulputate.ullamcorper.magna@sagittis.org', 'Bruce', 'Saunders', '2012-02-25 22:23:24', '2012-04-04 06:07:02'),
(185, 9088520, 'ipsum.porta.elit@sagittisfelisDonec.com', 'Lilah', 'Fox', '2013-07-29 17:47:42', '2012-07-18 02:30:31'),
(186, 1228900, 'ante.dictum@neceleifend.edu', 'Tyrone', 'Stokes', '2012-03-23 16:39:32', '2013-01-28 04:08:41'),
(187, 2754095, 'eu.dolor.egestas@liberoProinmi.edu', 'Clare', 'Copeland', '2013-03-07 15:26:44', '2012-09-26 19:41:21'),
(188, 630600, 'tempus@euismodet.com', 'Grant', 'Rush', '2012-10-06 05:51:48', '2013-04-13 19:01:53'),
(189, 1521101, 'dignissim@nisimagna.com', 'Wallace', 'Mcdaniel', '2012-04-28 05:34:10', '2012-07-25 07:15:11'),
(190, 7834204, 'iaculis@tempor.edu', 'Clarke', 'Hendrix', '2013-04-12 18:27:02', '2012-02-08 19:02:31'),
(191, 6745254, 'erat.Vivamus@magnaUt.org', 'Shad', 'Murphy', '2012-01-11 12:20:15', '2012-09-15 22:08:48'),
(192, 8913056, 'vel@euturpisNulla.org', 'Len', 'Lowery', '2011-10-20 00:19:37', '2012-12-11 19:02:57'),
(193, 7552757, 'interdum@aliquet.edu', 'Robin', 'Haynes', '2013-01-26 15:06:34', '2013-03-26 19:51:17'),
(194, 2581102, 'primis.in.faucibus@atlibero.ca', 'Rhoda', 'Mathews', '2012-07-13 07:09:53', '2012-06-22 13:21:16'),
(195, 3753208, 'euismod@acmetusvitae.edu', 'Magee', 'Montoya', '2013-02-07 10:44:29', '2012-09-16 13:09:20'),
(196, 1086896, 'Phasellus.dolor.elit@nequeNullam.edu', 'Amos', 'Carlson', '2012-06-27 11:57:36', '2013-01-21 02:12:40'),
(197, 3098341, 'auctor@eratVivamusnisi.edu', 'Francis', 'Mills', '2012-10-17 12:31:56', '2013-04-23 21:43:59'),
(198, 726842, 'a@ametconsectetueradipiscing.ca', 'Kendall', 'Griffin', '2012-02-06 18:43:45', '2012-12-17 11:48:52'),
(199, 9907457, 'Proin.vel.arcu@Quisqueimperdieterat.ca', 'Guy', 'Underwood', '2013-02-27 16:51:46', '2013-02-08 14:44:57'),
(200, 7851459, 'vehicula.aliquet.libero@vitae.com', 'Ferris', 'Brooks', '2013-07-16 18:06:55', '2012-12-24 09:38:31');

/*!40101 SET CHARACTER_SET_CLIENT=@OLD_CHARACTER_SET_CLIENT */;
/*!40101 SET CHARACTER_SET_RESULTS=@OLD_CHARACTER_SET_RESULTS */;
/*!40101 SET COLLATION_CONNECTION=@OLD_COLLATION_CONNECTION */;
